BrandName,Brand ID,Year,Absolut,Aristocrat,Barton,Belvedere,Burnett,Chopin,Crystal Palac,Finlandia,Fleischmann's,Fris,Gilbey's,Gordon's,Grey Goose,Kamchatka,Ketel One,Level,McCormick,Polar Ice,Popov,Pravda,Seagram's,Skol,Sky,Smirnoff,Stolicnaya,Tanqueray,Three Olives,TotalSales,LagTotalSales,2LagTotalSales,LnSales,LnLSales,Ln2Lsales,LnDiff,diff,IfDom,DollarSales,PriceRerUnit,LagPrice,LnPrice,LnLPrice,Mag,News,Outdoor,Broad,Print,LnMag,LnNews,LnOut,LnBroad,LnPrint,Tier1,Tier2,TotalMinusSales,LagTotalMinusSales,TierSales,OutsideTierSales,LagTierSales,LagOutsideTierSales,Firstintro,Marketshare,LagMktshare,YearID,total ad,,,,,,,,
Absolut,15,1995,1,0,0,0,0,0,0,0,0,0,0,0,0,0,0,0,0,0,0,0,0,0,0,0,0,0,0,3000,2905,2790,8.006368,7.974189,7.933797,0.0321789,3%,0,352040,117.3467,109.2943,4.765132,4.694044,25713.7,291.4,332.7,1,26005.1,0,0,1.00E-05,1.00E-05,10.16605,1,0,60840,60903,1080,59760,1035,59868,0,0.1339226,0.1242409,3,52343.9,,,,,,,,
Absolut,15,1996,1,0,0,0,0,0,0,0,0,0,0,0,0,0,0,0,0,0,0,0,0,0,0,0,0,0,0,3340,3000,2905,8.113726,8.006368,7.974189,0.107358,11%,0,370072,110.8,117.3467,4.707727,4.765133,25658,177.6,625,1,25835.6,10.15261,5.325933,6.38452,1.00E-05,10.15951,1,0,60532,60840,1255,59277,1080,59760,0,0.1420068,0.1339226,4,52297.2,,,,,,,,
Absolut,15,1997,1,0,0,0,0,0,0,0,0,0,0,0,0,0,0,0,0,0,0,0,0,0,0,0,0,0,0,3440,3340,3000,8.143227,8.113726,8.006368,0.029501,3%,0,381152,110.8,110.8,4.707727,4.707727,27013.9,201.7,515.7,1,27215.6,10.20411,5.306781,6.245525,1.00E-05,10.21155,1,0,60464,60532,1532,58932,1255,59277,0,0.1467577,0.1420068,5,54947.9,,,,,,,,
Absolut,15,1998,1,0,0,0,0,0,0,0,0,0,0,0,0,0,0,0,0,0,0,0,0,0,0,0,0,0,0,3630,3440,3340,8.196988,8.143227,8.113726,0.0537615,6%,0,419737,115.63,110.8,4.750396,4.707727,27617,308.2,1420.4,161.9,27925.2,10.22619,5.730749,7.258694,5.086979,10.23728,1,0,60306,60464,1730,58576,1532,58932,0,0.1461059,0.1467577,6,57432.7,,,,,,,,
Absolut,15,1999,1,0,0,0,0,0,0,0,0,0,0,0,0,0,0,0,0,0,0,0,0,0,0,0,0,0,0,4050,3630,3440,8.306472,8.196988,8.143227,0.1094837,12%,0,468302,115.6301,115.63,4.750397,4.750395,30605.3,258.1,1416.8,70.3,30863.4,10.32893,5.553347,7.256156,4.252772,10.33733,1,0,59918,60306,2118,57800,1730,58576,0,0.1612839,0.1461059,7,63213.9,,,,,,,,
Absolut,15,2000,1,0,0,0,0,0,0,0,0,0,0,0,0,0,0,0,0,0,0,0,0,0,0,0,0,0,0,4605,4050,3630,8.434898,8.306472,8.196988,0.1284266,14%,0,560025,121.6124,115.6301,4.800839,4.750396,33971.3,533.4,1336.7,143.1,34504.7,10.43327,6.279272,7.197959,4.963544,10.44885,1,0,59395,59918,2549,56846,2118,57800,0,0.173368,0.1612839,8,70489.2,,,,,,,,
Absolut,15,2001,1,0,0,0,0,0,0,0,0,0,0,0,0,0,0,0,0,0,0,0,0,0,0,0,0,0,0,4379,4605,4050,8.384576,8.434898,8.306472,-0.0503225,-5%,0,556550,127.0952,121.6124,4.844937,4.800839,28559.8,231.3,1999,134.2,28791.1,10.25976,5.443716,7.600402,4.899331,10.26782,1,0,59653,59395,3358,56295,2549,56846,0,0.1575463,0.173368,9,59715.4,,,,,,,,
Absolut,15,2002,1,0,0,0,0,0,0,0,0,0,0,0,0,0,0,0,0,0,0,0,0,0,0,0,0,0,0,4475,4379,4605,8.406261,8.384576,8.434898,0.0216856,2%,0,594000,132.7374,127.0952,4.888373,4.844936,30387.3,424.8,523.1,1,30812.1,10.32178,6.051619,6.259773,1.00E-05,10.33566,1,0,59589,59653,4197,55392,3358,56295,0,0.1504252,0.1575463,10,62148.3,,,,,,,,
Absolut,15,2003,1,0,0,0,0,0,0,0,0,0,0,0,0,0,0,0,0,0,0,0,0,0,0,0,0,0,0,4488,4475,4379,8.409163,8.406261,8.384576,0.002902,0%,0,620000,138.1462,132.7374,4.928312,4.888373,29275,958.6,2819.4,315.5,30233.6,10.28449,6.865474,7.944279,5.754158,10.31671,1,0,59608,59589,4939,54669,4197,55392,0,0.1392448,0.1504252,11,63602.1,,,,,,,,
Absolut,15,2004,1,0,0,0,0,0,0,0,0,0,0,0,0,0,0,0,0,0,0,0,0,0,0,0,0,0,0,4640,4488,4475,8.44247,8.409163,8.406261,0.0333061,3%,0,658880,142,138.1462,4.955827,4.928313,31208.5,5.9,2185.1,2202.4,31214.4,10.34845,1.774952,7.689417,7.697303,10.34863,1,0,59488,59608,5582,53906,4939,54669,0,0.1343526,0.1392448,12,66816.3,,,,,,,,
Absolut,15,2005,1,0,0,0,0,0,0,0,0,0,0,0,0,0,0,0,0,0,0,0,0,0,0,0,0,0,0,4636,4640,4488,8.441607,8.44247,8.409163,-0.0008621,0%,0,688446,148.5,142,5.000585,4.955827,13159,0.3,1216.4,2344,13159.3,9.484861,-1.203973,7.103651,7.759614,9.484884,1,0,59524,59488,6346,53178,5582,53906,0,0.1274397,0.1343526,13,29879,,,,,,,,
Absolut,15,2006,1,0,0,0,0,0,0,0,0,0,0,0,0,0,0,0,0,0,0,0,0,0,0,0,0,0,0,4847,4636,4640,8.486115,8.441607,8.44247,0.044508,5%,0,735532,151.75,148.5,5.022234,5.000585,17244.2,232.1,2250.3,3944.5,17476.3,9.755231,5.447168,7.718819,8.280078,9.7686,1,0,59345,59524,7251,52094,6346,53178,0,0.1244001,0.1274397,14,41147.4,,,,,,,,
Absolut,15,2007,1,0,0,0,0,0,0,0,0,0,0,0,0,0,0,0,0,0,0,0,0,0,0,0,0,0,0,5013,4847,4636,8.51979,8.486115,8.441607,0.0336742,3%,0,760723,151.75,151.75,5.022235,5.022234,16024.8,624.9,2447.1,4534,16649.7,9.681892,6.437592,7.802659,8.41936,9.720147,1,0,59211,59345,8119,51092,7251,52094,0,0.1206034,0.1244001,15,40280.5,,,,,,,,
Aristocrat,10,1995,0,1,0,0,0,0,0,0,0,0,0,0,0,0,0,0,0,0,0,0,0,0,0,0,0,0,0,590,610,610,6.380123,6.413459,6.413459,-0.0333357,-3%,1,22760,38.57627,37.04918,3.652637,3.612246,1,1,1,1,2,0,0,1.00E-05,1.00E-05,1.00E-05,0,0,63250,63198,11385,51865,12395,50803,0,0.0263381,0.0260884,3,6,,,,,,,,
Aristocrat,10,1996,0,1,0,0,0,0,0,0,0,0,0,0,0,0,0,0,0,0,0,0,0,0,0,0,0,0,0,600,590,610,6.39693,6.380123,6.413459,0.0168071,2%,1,22200,37,38.57627,3.610918,3.652637,1,1,1,1,2,0,0,1.00E-05,1.00E-05,1.00E-05,0,0,63272,63250,11409,51863,11385,51865,0,0.0255102,0.0263381,4,6,,,,,,,,
Aristocrat,10,1997,0,1,0,0,0,0,0,0,0,0,0,0,0,0,0,0,0,0,0,0,0,0,0,0,0,0,0,605,600,590,6.405229,6.39693,6.380123,0.0082989,1%,1,22385,37,37,3.610918,3.610918,1,1,1,1,2,0,0,1.00E-05,1.00E-05,1.00E-05,0,0,63299,63272,11273,52026,11409,51863,0,0.0258106,0.0255102,5,6,,,,,,,,
Aristocrat,10,1998,0,1,0,0,0,0,0,0,0,0,0,0,0,0,0,0,0,0,0,0,0,0,0,0,0,0,0,615,605,600,6.421622,6.405229,6.39693,0.0163927,2%,1,21470,34.91057,37,3.55279,3.610918,1,1,1,1,2,0,0,1.00E-05,1.00E-05,1.00E-05,0,0,63321,63299,10970,52351,11273,52026,0,0.0247535,0.0258106,6,6,,,,,,,,
Aristocrat,10,1999,0,1,0,0,0,0,0,0,0,0,0,0,0,0,0,0,0,0,0,0,0,0,0,0,0,0,0,620,615,605,6.429719,6.421622,6.405229,0.0080972,1%,1,21700,35,34.91057,3.555348,3.55279,1,1,1,1,2,0,0,1.00E-05,1.00E-05,1.00E-05,0,0,63348,63321,10863,52485,10970,52351,0,0.0246904,0.0247535,7,6,,,,,,,,
Aristocrat,10,2000,0,1,0,0,0,0,0,0,0,0,0,0,0,0,0,0,0,0,0,0,0,0,0,0,0,0,0,630,620,615,6.44572,6.429719,6.421622,0.0160012,2%,1,21937,34.82064,35,3.55021,3.555348,1,1,1,1,2,0,0,1.00E-05,1.00E-05,1.00E-05,0,0,63370,63348,11236,52134,10863,52485,0,0.0237181,0.0246904,8,6,,,,,,,,
Aristocrat,10,2001,0,1,0,0,0,0,0,0,0,0,0,0,0,0,0,0,0,0,0,0,0,0,0,0,0,0,0,640,630,620,6.461468,6.44572,6.429719,0.015748,2%,1,22285,34.82031,34.82064,3.550201,3.55021,1,1,1,1,2,0,0,1.00E-05,1.00E-05,1.00E-05,0,0,63392,63370,10973,52419,11236,52134,0,0.0230257,0.0237181,9,6,,,,,,,,
Aristocrat,10,2002,0,1,0,0,0,0,0,0,0,0,0,0,0,0,0,0,0,0,0,0,0,0,0,0,0,0,0,650,640,630,6.476973,6.461468,6.44572,0.0155048,2%,1,22633,34.82,34.82031,3.550192,3.550201,1,1,1,1,2,0,0,1.00E-05,1.00E-05,1.00E-05,0,0,63414,63392,10933,52481,10973,52419,0,0.0218495,0.0230257,10,6,,,,,,,,
Aristocrat,10,2003,0,1,0,0,0,0,0,0,0,0,0,0,0,0,0,0,0,0,0,0,0,0,0,0,0,0,0,660,650,640,6.49224,6.476973,6.461468,0.0152669,2%,1,22981,34.8197,34.82,3.550183,3.550192,1,1,1,1,2,0,0,1.00E-05,1.00E-05,1.00E-05,0,0,63436,63414,11101,52335,10933,52481,0,0.0204772,0.0218495,11,6,,,,,,,,
Aristocrat,10,2004,0,1,0,0,0,0,0,0,0,0,0,0,0,0,0,0,0,0,0,0,0,0,0,0,0,0,0,680,660,650,6.522093,6.49224,6.476973,0.0298529,3%,1,23678,34.82059,34.8197,3.550209,3.550183,1,1,1,1,2,0,0,1.00E-05,1.00E-05,1.00E-05,0,0,63448,63436,11701,51747,11101,52335,0,0.0196896,0.0204772,12,6,,,,,,,,
Aristocrat,10,2005,0,1,0,0,0,0,0,0,0,0,0,0,0,0,0,0,0,0,0,0,0,0,0,0,0,0,0,700,680,660,6.55108,6.522093,6.49224,0.0289874,3%,1,24374,34.82,34.82059,3.550192,3.550209,1,1,1,1,2,0,0,1.00E-05,1.00E-05,1.00E-05,0,0,63460,63448,11513,51947,11701,51747,0,0.0192424,0.0196896,13,6,,,,,,,,
Aristocrat,10,2006,0,1,0,0,0,0,0,0,0,0,0,0,0,0,0,0,0,0,0,0,0,0,0,0,0,0,0,710,700,680,6.565265,6.55108,6.522093,0.014185,1%,1,24722,34.81972,34.82,3.550184,3.550192,1,1,1,1,2,0,0,1.00E-05,1.00E-05,1.00E-05,0,0,63482,63460,11754,51728,11513,51947,0,0.0182224,0.0192424,14,6,,,,,,,,
Aristocrat,10,2007,0,1,0,0,0,0,0,0,0,0,0,0,0,0,0,0,0,0,0,0,0,0,0,0,0,0,0,720,710,700,6.579251,6.565265,6.55108,0.0139856,1%,1,25070,34.81944,34.81972,3.550176,3.550184,1,1,1,1,2,0,0,1.00E-05,1.00E-05,1.00E-05,0,0,63504,63482,11848,51656,11754,51728,0,0.0173218,0.0182224,15,6,,,,,,,,
Barton,5,1995,0,0,1,0,0,0,0,0,0,0,0,0,0,0,0,0,0,0,0,0,0,0,0,0,0,0,0,1205,1160,1120,7.094235,7.056175,7.021084,0.0380597,4%,1,40280,33.42739,34.48276,3.509376,3.540459,1,1,1,1,2,0,0,1.00E-05,1.00E-05,1.00E-05,0,0,62635,62648,10770,51865,11845,50803,0,0.0537922,0.0496108,3,6,,,,,,,,
Barton,5,1996,0,0,1,0,0,0,0,0,0,0,0,0,0,0,0,0,0,0,0,0,0,0,0,0,0,0,0,1187,1205,1160,7.079185,7.094235,7.056175,-0.0150499,-1%,1,40833,34.40017,33.42739,3.538061,3.509376,1,1,1,1,2,0,0,1.00E-05,1.00E-05,1.00E-05,0,0,62685,62635,10822,51863,10770,51865,0,0.0504677,0.0537922,4,6,,,,,,,,
Barton,5,1997,0,0,1,0,0,0,0,0,0,0,0,0,0,0,0,0,0,0,0,0,0,0,0,0,0,0,0,1279,1187,1205,7.153834,7.079185,7.094235,0.0746489,8%,1,44765,35,34.40017,3.555348,3.538061,1,1,1,1,2,0,0,1.00E-05,1.00E-05,1.00E-05,0,0,62625,62685,10599,52026,10822,51863,0,0.0545648,0.0504677,5,6,,,,,,,,
Barton,5,1998,0,0,1,0,0,0,0,0,0,0,0,0,0,0,0,0,0,0,0,0,0,0,0,0,0,0,0,1276,1279,1187,7.151485,7.153834,7.079185,-0.0023489,0%,1,43894,34.39968,35,3.538048,3.555348,1,1,1,1,2,0,0,1.00E-05,1.00E-05,1.00E-05,0,0,62660,62625,10309,52351,10599,52026,0,0.0513584,0.0545648,6,6,,,,,,,,
Barton,5,1999,0,0,1,0,0,0,0,0,0,0,0,0,0,0,0,0,0,0,0,0,0,0,0,0,0,0,0,1315,1276,1279,7.181592,7.151485,7.153834,0.030107,3%,1,45236,34.4,34.39968,3.538057,3.538047,1,1,1,1,2,0,0,1.00E-05,1.00E-05,1.00E-05,0,0,62653,62660,10168,52485,10309,52351,0,0.0523675,0.0513584,7,6,,,,,,,,
Barton,5,2000,0,0,1,0,0,0,0,0,0,0,0,0,0,0,0,0,0,0,0,0,0,0,0,0,0,0,0,1383,1315,1276,7.23201,7.181592,7.151485,0.0504179,5%,1,47575,34.39986,34.4,3.538052,3.538057,1,1,1,1,2,0,0,1.00E-05,1.00E-05,1.00E-05,0,0,62617,62653,10483,52134,10168,52485,0,0.0520669,0.0523675,8,6,,,,,,,,
Barton,5,2001,0,0,1,0,0,0,0,0,0,0,0,0,0,0,0,0,0,0,0,0,0,0,0,0,0,0,0,1459,1383,1315,7.285507,7.23201,7.181592,0.0534973,5%,1,51211,35.10007,34.39986,3.558203,3.538053,1,1,1,1,2,0,0,1.00E-05,1.00E-05,1.00E-05,0,0,62573,62617,10154,52419,10483,52134,0,0.0524915,0.0520669,9,6,,,,,,,,
Barton,5,2002,0,0,1,0,0,0,0,0,0,0,0,0,0,0,0,0,0,0,0,0,0,0,0,0,0,0,0,1483,1459,1383,7.301822,7.285507,7.23201,0.016315,2%,1,51878,34.98179,35.10007,3.554828,3.558203,1,1,1,1,2,0,0,1.00E-05,1.00E-05,1.00E-05,0,0,62581,62573,10100,52481,10154,52419,0,0.0498504,0.0524915,10,6,,,,,,,,
Barton,5,2003,0,0,1,0,0,0,0,0,0,0,0,0,0,0,0,0,0,0,0,0,0,0,0,0,0,0,0,1496,1483,1459,7.31055,7.301822,7.285507,0.008728,1%,1,52194,34.88904,34.98179,3.552173,3.554828,1,1,1,1,2,0,0,1.00E-05,1.00E-05,1.00E-05,0,0,62600,62581,10265,52335,10100,52481,0,0.0464149,0.0498504,11,6,,,,,,,,
Barton,5,2004,0,0,1,0,0,0,0,0,0,0,0,0,0,0,0,0,0,0,0,0,0,0,0,0,0,0,0,1614,1496,1483,7.386471,7.31055,7.301822,0.0759206,8%,1,55985,34.68711,34.88904,3.546368,3.552173,1,1,1,1,2,0,0,1.00E-05,1.00E-05,1.00E-05,0,0,62514,62600,10767,51747,10265,52335,0,0.0467338,0.0464149,12,6,,,,,,,,
Barton,5,2005,0,0,1,0,0,0,0,0,0,0,0,0,0,0,0,0,0,0,0,0,0,0,0,0,0,0,0,1546,1614,1496,7.343426,7.386471,7.31055,-0.0430446,-4%,1,54883,35.5,34.68711,3.569533,3.546368,1,1,1,1,2,0,0,1.00E-05,1.00E-05,1.00E-05,0,0,62614,62514,10667,51947,10767,51747,0,0.0424982,0.0467338,13,6,,,,,,,,
Barton,5,2006,0,0,1,0,0,0,0,0,0,0,0,0,0,0,0,0,0,0,0,0,0,0,0,0,0,0,0,1584,1546,1614,7.367709,7.343426,7.386471,0.0242829,2%,1,56232,35.5,35.5,3.569533,3.569533,1,1,1,1,2,0,0,1.00E-05,1.00E-05,1.00E-05,0,0,62608,62614,10880,51728,10667,51947,0,0.040654,0.0424982,14,6,,,,,,,,
Barton,5,2007,0,0,1,0,0,0,0,0,0,0,0,0,0,0,0,0,0,0,0,0,0,0,0,0,0,0,0,1653,1584,1546,7.410347,7.367709,7.343426,0.0426378,4%,1,58682,35.5003,35.5,3.569541,3.569533,1,1,1,1,2,0,0,1.00E-05,1.00E-05,1.00E-05,0,0,62571,62608,10915,51656,10880,51728,0,0.0397681,0.040654,15,6,,,,,,,,
Belvedere,22,2001,0,0,0,1,0,0,0,0,0,0,0,0,0,0,0,0,0,0,0,0,0,0,0,0,0,0,0,273,140,144,5.609472,4.941642,4.969813,0.66783,95%,0,65650,240.4762,,5.482621,,3498.1,1133.2,1,1,4631.3,8.159975,7.032801,1.00E-05,1.00E-05,8.440593,1,0,63759,63860,7464,56295,7014,56846,0,0.0098219,0.0052707,9,9264.6,,,,,,,,
Belvedere,22,2002,0,0,0,1,0,0,0,0,0,0,0,0,0,0,0,0,0,0,0,0,0,0,0,0,0,0,0,306,273,140,5.723585,5.609472,4.941642,0.1141133,12%,0,75750,247.549,240.4762,5.511609,5.482621,5439.7,1296.1,1,1,6735.8,8.60148,7.167115,1.00E-05,1.00E-05,8.815192,1,0,63758,63759,8366,55392,7464,56295,0,0.0102861,0.0098219,10,13473.6,,,,,,,,
Belvedere,22,2003,0,0,0,1,0,0,0,0,0,0,0,0,0,0,0,0,0,0,0,0,0,0,0,0,0,0,0,339,306,273,5.826,5.723585,5.609472,0.1024151,11%,0,81810,241.3274,247.549,5.486155,5.511609,5013.3,150.8,1,1,5164.1,8.51985,5.015954,1.00E-05,1.00E-05,8.549486,1,0,63757,63758,9088,54669,8366,55392,0,0.0105178,0.0102861,11,10330.2,,,,,,,,
Belvedere,22,2004,0,0,0,1,0,0,0,0,0,0,0,0,0,0,0,0,0,0,0,0,0,0,0,0,0,0,0,369,339,306,5.910797,5.826,5.723585,0.0847969,9%,0,88880,240.8672,241.3274,5.484246,5.486155,6729.6,132.7,1,1,6862.3,8.814271,4.888091,1.00E-05,1.00E-05,8.833798,1,0,63759,63757,9953,53806,9088,54669,0,0.0106845,0.0105178,12,13726.6,,,,,,,,
Belvedere,22,2005,0,0,0,1,0,0,0,0,0,0,0,0,0,0,0,0,0,0,0,0,0,0,0,0,0,0,0,365,369,339,5.899898,5.910797,5.826,-0.0108991,-1%,0,75719,207.4493,240.8672,5.334887,5.484246,1163.6,1,1,2496.1,1164.6,7.059274,0,1.00E-05,7.822485,7.060133,1,0,63795,63759,10605,53190,9953,53806,0,0.0100335,0.0106845,13,4826.3,,,,,,,,
Belvedere,22,2006,0,0,0,1,0,0,0,0,0,0,0,0,0,0,0,0,0,0,0,0,0,0,0,0,0,0,0,381,365,369,5.9428,5.899898,5.910797,0.042902,4%,0,80562,211.4488,207.4493,5.353983,5.334887,1,14.5,14.5,2878,15.5,0,2.674149,2.674149,7.964851,2.74084,1,0,63811,63795,11732,52079,10605,53190,0,0.0097785,0.0100335,14,2923.5,,,,,,,,
Belvedere,22,2007,0,0,0,1,0,0,0,0,0,0,0,0,0,0,0,0,0,0,0,0,0,0,0,0,0,0,0,410,381,365,6.016157,5.9428,5.899898,0.0733571,8%,0,88330,215.439,211.4488,5.372678,5.353983,6964.3,2107.1,185.7,2157.6,9071.4,8.848553,7.653068,5.224133,7.676752,9.112882,1,0,63814,63811,12722,51092,11732,52079,0,0.0098638,0.0097785,15,20486.1,,,,,,,,
Burnett,11,1997,0,0,0,0,1,0,0,0,0,0,0,0,0,0,0,0,0,0,0,0,0,0,0,0,0,0,0,260,200,190,5.560682,5.298317,5.247024,0.2623649,30%,1,10777,41.45,,3.724488,,1,1,1,1,2,0,0,1.00E-05,1.00E-05,1.00E-05,0,0,63644,63672,11618,52026,11809,51863,0,0.0110921,0.0085034,5,6,,,,,,,,
Burnett,11,1998,0,0,0,0,1,0,0,0,0,0,0,0,0,0,0,0,0,0,0,0,0,0,0,0,0,0,0,310,260,200,5.736572,5.560682,5.298317,0.17589,19%,1,12850,41.45161,41.45,3.724527,3.724488,1,1,1,1,2,0,0,1.00E-05,1.00E-05,1.00E-05,0,0,63626,63644,11275,52351,11618,52026,0,0.0124774,0.0110921,6,6,,,,,,,,
Burnett,11,1999,0,0,0,0,1,0,0,0,0,0,0,0,0,0,0,0,0,0,0,0,0,0,0,0,0,0,0,325,310,260,5.783825,5.736572,5.560682,0.0472531,5%,1,13471,41.44923,41.45161,3.724469,3.724527,1,1,1,1,2,0,0,1.00E-05,1.00E-05,1.00E-05,0,0,63643,63626,11158,52485,11275,52351,0,0.0129425,0.0124774,7,6,,,,,,,,
Burnett,11,2000,0,0,0,0,1,0,0,0,0,0,0,0,0,0,0,0,0,0,0,0,0,0,0,0,0,0,0,440,325,310,6.086775,5.783825,5.736572,0.3029499,35%,1,14093,32.02954,41.44923,3.466659,3.724469,1,1,1,1,2,0,0,1.00E-05,1.00E-05,1.00E-05,0,0,63560,63643,11426,52134,11158,52485,0,0.016565,0.0129425,8,6,,,,,,,,
Burnett,11,2001,0,0,0,0,1,0,0,0,0,0,0,0,0,0,0,0,0,0,0,0,0,0,0,0,0,0,0,435,440,325,6.075346,6.086775,5.783825,-0.0114288,-1%,1,19771,45.45057,32.02954,3.816625,3.466659,1,1,1,1,2,0,0,1.00E-05,1.00E-05,1.00E-05,0,0,63597,63560,11178,52419,11426,52134,0,0.0156503,0.016565,9,6,,,,,,,,
Burnett,11,2002,0,0,0,0,1,0,0,0,0,0,0,0,0,0,0,0,0,0,0,0,0,0,0,0,0,0,0,455,435,440,6.120297,6.075346,6.086775,0.044951,5%,1,20680,45.45055,45.45057,3.816625,3.816625,1,1,1,1,2,0,0,1.00E-05,1.00E-05,1.00E-05,0,0,63609,63597,11128,52481,11178,52419,0,0.0152946,0.0156503,10,6,,,,,,,,
Burnett,11,2003,0,0,0,0,1,0,0,0,0,0,0,0,0,0,0,0,0,0,0,0,0,0,0,0,0,0,0,485,455,435,6.184149,6.120297,6.075346,0.0638518,7%,1,22043,45.44949,45.45055,3.816602,3.816625,1,1,1,1,2,0,0,1.00E-05,1.00E-05,1.00E-05,0,0,63611,63609,11276,52335,11128,52481,0,0.0150476,0.0152946,11,6,,,,,,,,
Burnett,11,2004,0,0,0,0,1,0,0,0,0,0,0,0,0,0,0,0,0,0,0,0,0,0,0,0,0,0,0,510,485,455,6.234411,6.184149,6.120297,0.050262,5%,1,23180,45.45098,45.44949,3.816634,3.816602,1,1,1,1,2,0,0,1.00E-05,1.00E-05,1.00E-05,0,0,63618,63611,11871,51747,11276,52335,0,0.0147672,0.0150476,12,6,,,,,,,,
Burnett,11,2005,0,0,0,0,1,0,0,0,0,0,0,0,0,0,0,0,0,0,0,0,0,0,0,0,0,0,0,545,510,485,6.300786,6.234411,6.184149,0.0663753,7%,1,24770,45.44954,45.45098,3.816603,3.816634,1,1,1,1,2,0,0,1.00E-05,1.00E-05,1.00E-05,0,0,63615,63618,11668,51947,11871,51747,0,0.0149816,0.0147672,13,6,,,,,,,,
Burnett,11,2006,0,0,0,0,1,0,0,0,0,0,0,0,0,0,0,0,0,0,0,0,0,0,0,0,0,0,0,625,545,510,6.437752,6.300786,6.234411,0.1369658,15%,1,28781,46.0496,45.44954,3.829719,3.816603,1,1,1,1,2,0,0,1.00E-05,1.00E-05,1.00E-05,0,0,63567,63615,11839,51728,11668,51947,0,0.0160409,0.0149816,14,6,,,,,,,,
Burnett,11,2007,0,0,0,0,1,0,0,0,0,0,0,0,0,0,0,0,0,0,0,0,0,0,0,0,0,0,0,735,625,545,6.599871,6.437752,6.300786,0.1621194,18%,1,33847,46.05034,46.0496,3.829735,3.829719,1,1,1,1,2,0,0,1.00E-05,1.00E-05,1.00E-05,0,0,63489,63567,11833,51656,11839,51728,0,0.0176827,0.0160409,15,6,,,,,,,,
Chopin,25,2001,0,0,0,0,0,1,0,0,0,0,0,0,0,0,0,0,0,0,0,0,0,0,0,0,0,0,0,42,34,38,3.73767,3.526361,3.637586,0.211309,24%,0,10100,240.4762,,5.482621,,3456.8,324.5,1,1,3781.3,8.148099,5.782286,1.00E-05,1.00E-05,8.237823,1,0,63990,63966,7695,56295,7120,56846,0,0.0015111,0.00128,9,7564.6,,,,,,,,
Chopin,25,2002,0,0,0,0,0,1,0,0,0,0,0,0,0,0,0,0,0,0,0,0,0,0,0,0,0,0,0,47,42,34,3.850147,3.73767,3.526361,0.1124771,12%,0,11312,240.6808,240.4762,5.483472,5.482621,2567.5,946.6,1,1,3514.1,7.850688,6.852877,1.00E-05,1.00E-05,8.164538,1,0,64017,63990,8625,55392,7695,56295,0,0.0015799,0.0015111,10,7030.2,,,,,,,,
Chopin,25,2003,0,0,0,0,0,1,0,0,0,0,0,0,0,0,0,0,0,0,0,0,0,0,0,0,0,0,0,59,47,42,4.077538,3.850147,3.73767,0.227391,26%,0,14140,239.661,240.6808,5.479226,5.483471,1,1,1,1,2,0,0,1.00E-05,1.00E-05,1.00E-05,1,0,64037,64017,9368,54669,8625,55392,0,0.0018305,0.0015799,11,6,,,,,,,,
Chopin,25,2004,0,0,0,0,0,1,0,0,0,0,0,0,0,0,0,0,0,0,0,0,0,0,0,0,0,0,0,65,59,47,4.174387,4.077538,3.850147,0.096849,10%,0,15554,239.2923,239.661,5.477686,5.479226,1,1,1,1,2,0,0,1.00E-05,1.00E-05,1.00E-05,1,0,64063,64037,10257,53806,9368,54669,0,0.0018821,0.0018305,12,6,,,,,,,,
Chopin,25,2005,0,0,0,0,0,1,0,0,0,0,0,0,0,0,0,0,0,0,0,0,0,0,0,0,0,0,0,61,65,59,4.110874,4.174387,4.077538,-0.0635128,-6%,0,12654,207.4426,239.2923,5.334855,5.477686,2227.1,318.1,1,1,2545.2,7.708456,5.762366,1.00E-05,1.00E-05,7.841965,1,0,64099,64063,10909,53190,10257,53806,0,0.0016768,0.0018821,13,5092.4,,,,,,,,
Chopin,25,2006,0,0,0,0,0,1,0,0,0,0,0,0,0,0,0,0,0,0,0,0,0,0,0,0,0,0,0,61,61,65,4.110874,4.110874,4.174387,0,0%,0,14167,232.2459,207.4426,5.447797,5.334855,691.4,1,1,1,692.4,6.538719,0,1.00E-05,1.00E-05,6.540164,1,0,64131,64099,12052,52079,10909,53190,0,0.0015656,0.0016768,14,1386.8,,,,,,,,
Chopin,25,2007,0,0,0,0,0,1,0,0,0,0,0,0,0,0,0,0,0,0,0,0,0,0,0,0,0,0,0,61,61,61,4.110874,4.110874,4.110874,0,0%,0,15266,250.2623,232.2459,5.52251,5.447797,1,27.3,1,1,28.3,0,3.306887,1.00E-05,1.00E-05,3.342862,1,0,64163,64131,13071,51092,12052,52079,0,0.0014675,0.0015656,15,58.6,,,,,,,,
Crystal Palac,12,1995,0,0,0,0,0,0,1,0,0,0,0,0,0,0,0,0,0,0,0,0,0,0,0,0,0,0,0,485,430,430,6.184149,6.063785,6.063785,0.1203637,13%,1,16420,33.85567,33.95349,3.522106,3.524992,1,1,1,1,2,0,0,1.00E-05,1.00E-05,1.00E-05,0,0,63355,63378,11490,51865,12575,50803,0,0.0216508,0.0183902,3,6,,,,,,,,
Crystal Palac,12,1996,0,0,0,0,0,0,1,0,0,0,0,0,0,0,0,0,0,0,0,0,0,0,0,0,0,0,0,496,485,430,6.206576,6.184149,6.063785,0.0224271,2%,1,16914,34.10081,33.85567,3.529321,3.522106,1,1,1,1,2,0,0,1.00E-05,1.00E-05,1.00E-05,0,0,63376,63355,11513,51863,11490,51865,0,0.0210884,0.0216508,4,6,,,,,,,,
Crystal Palac,12,1997,0,0,0,0,0,0,1,0,0,0,0,0,0,0,0,0,0,0,0,0,0,0,0,0,0,0,0,502,496,485,6.2186,6.206576,6.184149,0.0120239,1%,1,17118.2,34.1,34.10081,3.529297,3.529321,1,1,1,1,2,0,0,1.00E-05,1.00E-05,1.00E-05,0,0,63402,63376,11376,52026,11513,51863,0,0.0214164,0.0210884,5,6,,,,,,,,
Crystal Palac,12,1998,0,0,0,0,0,0,1,0,0,0,0,0,0,0,0,0,0,0,0,0,0,0,0,0,0,0,0,568,502,496,6.342122,6.2186,6.206576,0.1235223,13%,1,19369,34.10035,34.1,3.529308,3.529297,1,1,1,1,2,0,0,1.00E-05,1.00E-05,1.00E-05,0,0,63368,63402,11017,52351,11376,52026,0,0.0228617,0.0214164,6,6,,,,,,,,
Crystal Palac,12,1999,0,0,0,0,0,0,1,0,0,0,0,0,0,0,0,0,0,0,0,0,0,0,0,0,0,0,0,585,568,502,6.371612,6.342122,6.2186,0.02949,3%,1,19949,34.10085,34.10035,3.529322,3.529308,1,1,1,1,2,0,0,1.00E-05,1.00E-05,1.00E-05,0,0,63383,63368,10898,52485,11017,52351,0,0.0232966,0.0228617,7,6,,,,,,,,
Crystal Palac,12,2000,0,0,0,0,0,0,1,0,0,0,0,0,0,0,0,0,0,0,0,0,0,0,0,0,0,0,0,620,585,568,6.429719,6.371612,6.342122,0.0581069,6%,1,21142,34.1,34.10085,3.529297,3.529322,1,1,1,1,2,0,0,1.00E-05,1.00E-05,1.00E-05,0,0,63380,63383,11246,52134,10898,52485,0,0.0233416,0.0232966,8,6,,,,,,,,
Crystal Palac,12,2001,0,0,0,0,0,0,1,0,0,0,0,0,0,0,0,0,0,0,0,0,0,0,0,0,0,0,0,602,620,585,6.400258,6.429719,6.371612,-0.0294609,-3%,1,20528,34.09967,34.1,3.529288,3.529297,1,1,1,1,2,0,0,1.00E-05,1.00E-05,1.00E-05,0,0,63430,63380,11011,52419,11246,52134,0,0.0216586,0.0233416,9,6,,,,,,,,
Crystal Palac,12,2002,0,0,0,0,0,0,1,0,0,0,0,0,0,0,0,0,0,0,0,0,0,0,0,0,0,0,0,592,602,620,6.383507,6.400258,6.429719,-0.0167513,-2%,1,20187,34.09966,34.09967,3.529288,3.529288,1,1,1,1,2,0,0,1.00E-05,1.00E-05,1.00E-05,0,0,63472,63430,10991,52481,11011,52419,0,0.0198998,0.0216586,10,6,,,,,,,,
Crystal Palac,12,2003,0,0,0,0,0,0,1,0,0,0,0,0,0,0,0,0,0,0,0,0,0,0,0,0,0,0,0,634,592,602,6.452049,6.383507,6.400258,0.068542,7%,1,21619,34.09937,34.09966,3.529279,3.529287,1,1,1,1,2,0,0,1.00E-05,1.00E-05,1.00E-05,0,0,63462,63472,11127,52335,10991,52481,0,0.0196705,0.0198998,11,6,,,,,,,,
Crystal Palac,12,2004,0,0,0,0,0,0,1,0,0,0,0,0,0,0,0,0,0,0,0,0,0,0,0,0,0,0,0,620,634,592,6.429719,6.452049,6.383507,-0.0223298,-2%,1,21142,34.1,34.09937,3.529297,3.529279,1,1,1,1,2,0,0,1.00E-05,1.00E-05,1.00E-05,0,0,63508,63462,11761,51747,11127,52335,0,0.0179523,0.0196705,12,6,,,,,,,,
Crystal Palac,12,2005,0,0,0,0,0,0,1,0,0,0,0,0,0,0,0,0,0,0,0,0,0,0,0,0,0,0,0,595,620,634,6.388561,6.429719,6.452049,-0.0411582,-4%,1,20290,34.10084,34.1,3.529322,3.529297,1,1,1,1,2,0,0,1.00E-05,1.00E-05,1.00E-05,0,0,63565,63508,11618,51947,11761,51747,0,0.016356,0.0179523,13,6,,,,,,,,
Crystal Palac,12,2006,0,0,0,0,0,0,1,0,0,0,0,0,0,0,0,0,0,0,0,0,0,0,0,0,0,0,0,575,595,620,6.35437,6.388561,6.429719,-0.0341907,-3%,1,19505,33.92174,34.10084,3.524056,3.529322,1,1,1,1,2,0,0,1.00E-05,1.00E-05,1.00E-05,0,0,63617,63565,11889,51728,11618,51947,0,0.0147576,0.016356,14,6,,,,,,,,
Crystal Palac,12,2007,0,0,0,0,0,0,1,0,0,0,0,0,0,0,0,0,0,0,0,0,0,0,0,0,0,0,0,601,575,595,6.398595,6.35437,6.388561,0.0442247,5%,1,20494,34.09983,33.92174,3.529293,3.524056,1,1,1,1,2,0,0,1.00E-05,1.00E-05,1.00E-05,0,0,63623,63617,11967,51656,11889,51728,0,0.0144589,0.0147576,15,6,,,,,,,,
Finlandia,21,1995,0,0,0,0,0,0,0,1,0,0,0,0,0,0,0,0,0,0,0,0,0,0,0,0,0,0,0,240,285,250,5.480639,5.652489,5.521461,-0.1718502,-16%,0,35170,146.5417,117.193,4.98731,4.763822,234,1,1,1,235,0,0,1.00E-05,1.00E-05,5.459586,0,1,63600,63523,6106,57494,6152,57371,0,0.0107138,0.0121889,3,472,,,,,,,,
Finlandia,21,1996,0,0,0,0,0,0,0,1,0,0,0,0,0,0,0,0,0,0,0,0,0,0,0,0,0,0,0,220,240,285,5.393628,5.480639,5.652489,-0.0870109,-8%,0,24449,111.1318,146.5417,4.710717,4.98731,1,1,1,1,2,0,0,1.00E-05,1.00E-05,1.00E-05,0,1,63652,63600,6696,56956,6106,57494,0,0.0093537,0.0107138,4,6,,,,,,,,
Finlandia,21,1997,0,0,0,0,0,0,0,1,0,0,0,0,0,0,0,0,0,0,0,0,0,0,0,0,0,0,0,183,220,240,5.209486,5.393628,5.480639,-0.1841421,-17%,0,26043.5,142.3142,111.1318,4.958037,4.710717,2412.2,0.4,1.8,1,2412.6,7.788294,-0.9162907,0.5877866,1.00E-05,7.78846,0,1,63721,63652,6407,57314,6696,56956,0,0.0078072,0.0093537,5,4828,,,,,,,,
Finlandia,21,1998,0,0,0,0,0,0,0,1,0,0,0,0,0,0,0,0,0,0,0,0,0,0,0,0,0,0,0,248,183,220,5.513429,5.209486,5.393628,0.3039432,36%,0,28024,113,142.3142,4.727388,4.958037,8156.4,90.2,575.6,325.9,8246.6,9.006558,4.502029,6.355413,5.786591,9.017556,0,1,63688,63721,7652,56036,6407,57314,0,0.0099819,0.0078072,6,17394.7,,,,,,,,
Finlandia,21,1999,0,0,0,0,0,0,0,1,0,0,0,0,0,0,0,0,0,0,0,0,0,0,0,0,0,0,0,252,248,183,5.529429,5.513429,5.209486,0.0159998,2%,0,28476,113,113,4.727388,4.727388,5092,404.7,158,272.8,5496.7,8.535426,6.003146,5.062595,5.608739,8.611903,0,1,63716,63688,7208,56508,7652,56036,0,0.0100354,0.0099819,7,11424.2,,,,,,,,
Finlandia,21,2000,0,0,0,0,0,0,0,1,0,0,0,0,0,0,0,0,0,0,0,0,0,0,0,0,0,0,0,275,252,248,5.616771,5.529429,5.513429,0.0873423,9%,0,34998,127.2655,113,4.846275,4.727388,1372.1,682,301.2,5.8,2054.1,7.224098,6.52503,5.707775,1.757858,7.627593,0,1,63725,63716,7267,56458,7208,56508,0,0.0103531,0.0100354,8,4415.2,,,,,,,,
Finlandia,21,2001,0,0,0,0,0,0,0,1,0,0,0,0,0,0,0,0,0,0,0,0,0,0,0,0,0,0,0,342,275,252,5.834811,5.616771,5.529429,0.21804,24%,0,43128,126.1053,127.2655,4.837117,4.846275,389.2,396,54.8,1,785.2,5.964093,5.981414,4.00369,1.00E-05,6.665938,0,1,63690,63725,8103,55587,7267,56458,0,0.0123044,0.0103531,9,1626.2,,,,,,,,
Finlandia,21,2002,0,0,0,0,0,0,0,1,0,0,0,0,0,0,0,0,0,0,0,0,0,0,0,0,0,0,0,319,342,275,5.765191,5.834811,5.616771,-0.0696201,-7%,0,38216,119.7994,126.1053,4.785819,4.837117,692.1,112.8,22,1,804.9,6.539731,4.725616,3.091043,1.00E-05,6.690718,0,1,63745,63690,9175,54570,8103,55587,0,0.010723,0.0123044,10,1632.8,,,,,,,,
Finlandia,21,2003,0,0,0,0,0,0,0,1,0,0,0,0,0,0,0,0,0,0,0,0,0,0,0,0,0,0,0,327,319,342,5.78996,5.765191,5.834811,0.0247688,3%,0,39175,119.8012,119.7994,4.785834,4.785819,756.9,1,1,1,757.9,6.629231,0,1.00E-05,1.00E-05,6.630551,0,1,63769,63745,10716,53053,9175,54570,0,0.0101455,0.010723,11,1517.8,,,,,,,,
Finlandia,21,2004,0,0,0,0,0,0,0,1,0,0,0,0,0,0,0,0,0,0,0,0,0,0,0,0,0,0,0,357,327,319,5.877736,5.78996,5.765191,0.0877762,9%,0,46626,130.605,119.8012,4.872178,4.785834,167.3,188.5,49.3,1,355.8,5.119789,5.239098,3.897924,1.00E-05,5.874369,0,1,63771,63769,11476,52295,10716,53053,0,0.010337,0.0101455,12,761.9,,,,,,,,
Finlandia,21,2005,0,0,0,0,0,0,0,1,0,0,0,0,0,0,0,0,0,0,0,0,0,0,0,0,0,0,0,365,357,327,5.899898,5.877736,5.78996,0.022162,2%,0,48234,132.1479,130.605,4.883922,4.872178,1457.7,219.7,92.3,1,1677.4,7.284615,5.392263,4.525044,1.00E-05,7.425,0,1,63795,63771,12830,50965,11476,52295,0,0.0100335,0.010337,13,3448.1,,,,,,,,
Finlandia,21,2006,0,0,0,0,0,0,0,1,0,0,0,0,0,0,0,0,0,0,0,0,0,0,0,0,0,0,0,381,365,357,5.9428,5.899898,5.877736,0.042902,4%,0,50041,131.3412,132.1479,4.877799,4.883922,5926.7,1,201.2,201.2,5927.7,8.687222,0,5.304299,5.304299,8.687391,0,1,63811,63795,14005,49806,12830,50965,0,0.0097785,0.0100335,14,12257.8,,,,,,,,
Finlandia,21,2007,0,0,0,0,0,0,0,1,0,0,0,0,0,0,0,0,0,0,0,0,0,0,0,0,0,0,0,362,381,365,5.891644,5.9428,5.899898,-0.051156,-5%,0,49073,135.5608,131.3412,4.90942,4.877799,7350.7,1,298.6,119.7,7351.7,8.902551,0,5.699105,4.784988,8.902687,0,1,63862,63811,15504,48358,14005,49806,0,0.008709,0.0097785,15,15121.7,,,,,,,,
Fleischmann's,8,1995,0,0,0,0,0,0,0,0,1,0,0,0,0,0,0,0,0,0,0,0,0,0,0,0,0,0,0,530,665,750,6.272877,6.499787,6.620073,-0.2269096,-20%,1,22820,43.0566,45.11278,3.762516,3.809165,1,1,1,1,2,0,0,1.00E-05,1.00E-05,1.00E-05,0,0,63310,63143,11445,51865,12340,50803,0,0.0236597,0.0284407,3,6,,,,,,,,
Fleischmann's,8,1997,0,0,0,0,0,0,0,0,1,0,0,0,0,0,0,0,0,0,0,0,0,0,0,0,0,0,0,595,569,530,6.388561,6.343881,6.272877,0.0446796,5%,1,23205,39,,3.663562,,1,1,1,1,2,0,0,1.00E-05,1.00E-05,1.00E-05,0,0,63309,63303,11283,52026,11440,51863,0,0.025384,0.0241922,5,6,,,,,,,,
Fleischmann's,8,1998,0,0,0,0,0,0,0,0,1,0,0,0,0,0,0,0,0,0,0,0,0,0,0,0,0,0,0,597,595,569,6.391917,6.388561,6.343881,0.0033565,0%,1,23283,39,39,3.663562,3.663562,1,1,1,1,2,0,0,1.00E-05,1.00E-05,1.00E-05,0,0,63339,63309,10988,52351,11283,52026,0,0.024029,0.025384,6,6,,,,,,,,
Fleischmann's,8,1999,0,0,0,0,0,0,0,0,1,0,0,0,0,0,0,0,0,0,0,0,0,0,0,0,0,0,0,648,597,595,6.473891,6.391917,6.388561,0.0819736,9%,1,25272,39,39,3.663562,3.663562,1,1,1,1,2,0,0,1.00E-05,1.00E-05,1.00E-05,0,0,63320,63339,10835,52485,10988,52351,0,0.0258054,0.024029,7,6,,,,,,,,
Fleischmann's,8,2000,0,0,0,0,0,0,0,0,1,0,0,0,0,0,0,0,0,0,0,0,0,0,0,0,0,0,0,685,648,597,6.529419,6.473891,6.391917,0.0555282,6%,1,26715,39,39,3.663562,3.663562,1,1,1,1,2,0,0,1.00E-05,1.00E-05,1.00E-05,0,0,63315,63320,11181,52134,10835,52485,0,0.0257887,0.0258054,8,6,,,,,,,,
Fleischmann's,8,2001,0,0,0,0,0,0,0,0,1,0,0,0,0,0,0,0,0,0,0,0,0,0,0,0,0,0,0,763,685,648,6.637258,6.529419,6.473891,0.1078391,11%,1,30139,39.50066,39,3.676317,3.663562,1,1,1,1,2,0,0,1.00E-05,1.00E-05,1.00E-05,0,0,63269,63315,10850,52419,11181,52134,0,0.027451,0.0257887,9,6,,,,,,,,
Fleischmann's,8,2002,0,0,0,0,0,0,0,0,1,0,0,0,0,0,0,0,0,0,0,0,0,0,0,0,0,0,0,748,763,685,6.617403,6.637258,6.529419,-0.019855,-2%,1,29546,39.5,39.50066,3.676301,3.676317,1,1,1,1,2,0,0,1.00E-05,1.00E-05,1.00E-05,0,0,63316,63269,10835,52481,10850,52419,0,0.0251437,0.027451,10,6,,,,,,,,
Fleischmann's,8,2003,0,0,0,0,0,0,0,0,1,0,0,0,0,0,0,0,0,0,0,0,0,0,0,0,0,0,0,780,748,763,6.659294,6.617403,6.637258,0.0418911,4%,1,30810,39.5,39.5,3.676301,3.676301,1,1,1,1,2,0,0,1.00E-05,1.00E-05,1.00E-05,0,0,63316,63316,10981,52335,10835,52481,0,0.0242003,0.0251437,11,6,,,,,,,,
Fleischmann's,8,2004,0,0,0,0,0,0,0,0,1,0,0,0,0,0,0,0,0,0,0,0,0,0,0,0,0,0,0,842,780,748,6.73578,6.659294,6.617403,0.0764856,8%,1,33141,39.35986,39.5,3.672746,3.676301,1,1,1,1,2,0,0,1.00E-05,1.00E-05,1.00E-05,0,0,63286,63316,11539,51747,10981,52335,0,0.0243804,0.0242003,12,6,,,,,,,,
Fleischmann's,8,2005,0,0,0,0,0,0,0,0,1,0,0,0,0,0,0,0,0,0,0,0,0,0,0,0,0,0,0,861,842,780,6.758094,6.73578,6.659294,0.0223141,2%,1,34010,39.50058,39.35986,3.676315,3.672746,1,1,1,1,2,0,0,1.00E-05,1.00E-05,1.00E-05,0,0,63299,63286,11352,51947,11539,51747,0,0.0236682,0.0243804,13,6,,,,,,,,
Fleischmann's,8,2006,0,0,0,0,0,0,0,0,1,0,0,0,0,0,0,0,0,0,0,0,0,0,0,0,0,0,0,864,861,842,6.761573,6.758094,6.73578,0.003479,0%,1,34128,39.5,39.50058,3.676301,3.676315,1,1,1,1,2,0,0,1.00E-05,1.00E-05,1.00E-05,0,0,63328,63299,11600,51728,11352,51947,0,0.0221749,0.0236682,14,6,,,,,,,,
Fleischmann's,8,2007,0,0,0,0,0,0,0,0,1,0,0,0,0,0,0,0,0,0,0,0,0,0,0,0,0,0,0,941,864,861,6.846943,6.761573,6.758094,0.0853701,9%,1,37170,39.50053,39.5,3.676314,3.676301,1,1,1,1,2,0,0,1.00E-05,1.00E-05,1.00E-05,0,0,63283,63328,11627,51656,11600,51728,0,0.0226387,0.0221749,15,6,,,,,,,,
Fris,23,1996,0,0,0,0,0,0,0,0,0,1,0,0,0,0,0,0,0,0,0,0,0,0,0,0,0,0,0,80,60,52,4.382027,4.094345,3.951244,0.2876821,33%,0,8724,109.05,,4.691806,,45.1,1,1,1,46.1,3.808882,0,1.00E-05,1.00E-05,3.830813,0,1,63792,63780,6836,56956,6286,57494,0,0.0034014,0.0026785,4,94.2,,,,,,,,
Fris,23,1997,0,0,0,0,0,0,0,0,0,1,0,0,0,0,0,0,0,0,0,0,0,0,0,0,0,0,0,83,80,60,4.41884,4.382027,4.094345,0.0368128,4%,0,9524.3,114.7506,109.05,4.742761,4.691806,1,1,1,1,2,0,0,1.00E-05,1.00E-05,1.00E-05,0,1,63821,63792,6507,57314,6836,56956,0,0.003541,0.0034014,5,6,,,,,,,,
Fris,23,2000,0,0,0,0,0,0,0,0,0,1,0,0,0,0,0,0,0,0,0,0,0,0,0,0,0,0,0,90,60,70,4.49981,4.094345,4.248495,0.4054651,50%,0,10107,112.3,,4.721174,,1,76,1,1,77,0,4.330733,1.00E-05,1.00E-05,4.343805,0,1,63910,63908,7452,56458,7400,56508,0,0.0033883,0.0023894,8,156,,,,,,,,
Fris,23,2001,0,0,0,0,0,0,0,0,0,1,0,0,0,0,0,0,0,0,0,0,0,0,0,0,0,0,0,123,90,60,4.812184,4.49981,4.094345,0.3123736,37%,0,14945,121.5041,112.3,4.799948,4.721174,1,203,158.5,1,204,0,5.313206,5.065754,1.00E-05,5.31812,0,1,63909,63910,8322,55587,7452,56458,0,0.0044253,0.0033883,9,567.5,,,,,,,,
Fris,23,2002,0,0,0,0,0,0,0,0,0,1,0,0,0,0,0,0,0,0,0,0,0,0,0,0,0,0,0,152,123,90,5.02388,4.812184,4.49981,0.2116961,24%,0,18468,121.5,121.5041,4.799914,4.799948,515.5,1,105,1,516.5,6.245137,0,4.65396,1.00E-05,6.247075,0,1,63912,63909,9342,54570,8322,55587,0,0.0051094,0.0044253,10,1139,,,,,,,,
Fris,23,2003,0,0,0,0,0,0,0,0,0,1,0,0,0,0,0,0,0,0,0,0,0,0,0,0,0,0,0,195,152,123,5.273,5.02388,4.812184,0.2491198,28%,0,24375,125,121.5,4.828314,4.799914,1470.2,1,197.9,1,1471.2,7.293154,0,5.287762,1.00E-05,7.293834,0,1,63901,63912,10848,53053,9342,54570,0,0.0060501,0.0051094,11,3141.3,,,,,,,,
Fris,23,2004,0,0,0,0,0,0,0,0,0,1,0,0,0,0,0,0,0,0,0,0,0,0,0,0,0,0,0,233,195,152,5.451038,5.273,5.02388,0.1780381,19%,0,29125,125,125,4.828314,4.828314,2010,1,239.2,1,2011,7.60589,0,5.4773,1.00E-05,7.606388,0,1,63895,63901,11600,52295,10848,53053,0,0.0067466,0.0060501,12,4262.2,,,,,,,,
Fris,23,2005,0,0,0,0,0,0,0,0,0,1,0,0,0,0,0,0,0,0,0,0,0,0,0,0,0,0,0,275,233,195,5.616771,5.451038,5.273,0.1657333,18%,0,34375,125,125,4.828314,4.828314,1365.8,308,157,1,1673.8,7.219496,5.7301,5.056246,1.00E-05,7.422852,0,1,63885,63895,12920,50965,11600,52295,0,0.0075595,0.0067466,13,3505.6,,,,,,,,
Fris,23,2006,0,0,0,0,0,0,0,0,0,1,0,0,0,0,0,0,0,0,0,0,0,0,0,0,0,0,0,166,275,233,5.111988,5.616771,5.451038,-0.5047832,-40%,0,20520,123.6145,125,4.817167,4.828314,1,1,1,1,2,0,0,1.00E-05,1.00E-05,1.00E-05,0,1,64026,63885,14220,49806,12920,50965,0,0.0042605,0.0075595,14,6,,,,,,,,
Fris,23,2007,0,0,0,0,0,0,0,0,0,1,0,0,0,0,0,0,0,0,0,0,0,0,0,0,0,0,0,192,166,275,5.257495,5.111988,5.616771,0.1455069,16%,0,23824,124.0833,123.6145,4.820953,4.817168,1,1,1,1,2,0,0,1.00E-05,1.00E-05,1.00E-05,0,1,64032,64026,15674,48358,14220,49806,0,0.0046192,0.0042605,15,6,,,,,,,,
Gilbey's,14,1995,0,0,0,0,0,0,0,0,0,0,1,0,0,0,0,0,0,0,0,0,0,0,0,0,0,0,0,965,1060,1070,6.872128,6.966024,6.975414,-0.0938959,-9%,1,42310,43.84456,43.39622,3.780651,3.770372,1,1,1,1,2,0,0,1.00E-05,1.00E-05,1.00E-05,0,0,62875,62748,11010,51865,11945,50803,0,0.0430784,0.045334,3,6,,,,,,,,
Gilbey's,14,1996,0,0,0,0,0,0,0,0,0,0,1,0,0,0,0,0,0,0,0,0,0,0,0,0,0,0,0,858,965,1060,6.754604,6.872128,6.966024,-0.1175241,-11%,1,37100,43.24009,43.84456,3.766768,3.780651,1,1,1,1,2,0,0,1.00E-05,1.00E-05,1.00E-05,0,0,63014,62875,11151,51863,11010,51865,0,0.0364796,0.0430784,4,6,,,,,,,,
Gilbey's,14,1997,0,0,0,0,0,0,0,0,0,0,1,0,0,0,0,0,0,0,0,0,0,0,0,0,0,0,0,777,858,965,6.65544,6.754604,6.872128,-0.099164,-9%,1,32540.8,41.88005,43.24009,3.73481,3.766768,1,1,1,1,2,0,0,1.00E-05,1.00E-05,1.00E-05,0,0,63127,63014,11101,52026,11151,51863,0,0.0331485,0.0364796,5,6,,,,,,,,
Gilbey's,14,1998,0,0,0,0,0,0,0,0,0,0,1,0,0,0,0,0,0,0,0,0,0,0,0,0,0,0,0,732,777,858,6.59578,6.65544,6.754604,-0.05966,-6%,1,30656,41.87978,41.88005,3.734803,3.73481,1,1,1,1,2,0,0,1.00E-05,1.00E-05,1.00E-05,0,0,63204,63127,10853,52351,11101,52026,0,0.0294627,0.0331485,6,6,,,,,,,,
Gilbey's,14,1999,0,0,0,0,0,0,0,0,0,0,1,0,0,0,0,0,0,0,0,0,0,0,0,0,0,0,0,699,732,777,6.549651,6.59578,6.65544,-0.0461287,-5%,1,29274,41.87983,41.87978,3.734804,3.734803,1,1,1,1,2,0,0,1.00E-05,1.00E-05,1.00E-05,0,0,63269,63204,10784,52485,10853,52351,0,0.0278364,0.0294627,7,6,,,,,,,,
Gilbey's,14,2000,0,0,0,0,0,0,0,0,0,0,1,0,0,0,0,0,0,0,0,0,0,0,0,0,0,0,0,684,699,732,6.527958,6.549651,6.59578,-0.0216932,-2%,1,28646,41.88012,41.87983,3.734811,3.734804,1,1,1,1,2,0,0,1.00E-05,1.00E-05,1.00E-05,0,0,63316,63269,11182,52134,10784,52485,0,0.0257511,0.0278364,8,6,,,,,,,,
Gilbey's,14,2001,0,0,0,0,0,0,0,0,0,0,1,0,0,0,0,0,0,0,0,0,0,0,0,0,0,0,0,680,684,699,6.522093,6.527958,6.549651,-0.0058651,-1%,1,28478,41.87941,41.88012,3.734794,3.734811,1,1,1,1,2,0,0,1.00E-05,1.00E-05,1.00E-05,0,0,63352,63316,10933,52419,11182,52134,0,0.0244648,0.0257511,9,6,,,,,,,,
Gilbey's,14,2002,0,0,0,0,0,0,0,0,0,0,1,0,0,0,0,0,0,0,0,0,0,0,0,0,0,0,0,690,680,684,6.536692,6.522093,6.527958,0.0145993,1%,1,28897,41.87971,41.87941,3.734802,3.734794,1,1,1,1,2,0,0,1.00E-05,1.00E-05,1.00E-05,0,0,63374,63352,10893,52481,10933,52419,0,0.0231941,0.0244648,10,6,,,,,,,,
Gilbey's,14,2003,0,0,0,0,0,0,0,0,0,0,1,0,0,0,0,0,0,0,0,0,0,0,0,0,0,0,0,641,690,680,6.463029,6.536692,6.522093,-0.0736632,-7%,1,27013,42.14196,41.87971,3.741044,3.734802,1,1,1,1,2,0,0,1.00E-05,1.00E-05,1.00E-05,0,0,63455,63374,11120,52335,10893,52481,0,0.0198877,0.0231941,11,6,,,,,,,,
Gilbey's,14,2004,0,0,0,0,0,0,0,0,0,0,1,0,0,0,0,0,0,0,0,0,0,0,0,0,0,0,0,614,641,690,6.419995,6.463029,6.536692,-0.0430341,-4%,1,27737,45.17427,42.14196,3.810528,3.741044,1,1,1,1,2,0,0,1.00E-05,1.00E-05,1.00E-05,0,0,63514,63455,11767,51747,11120,52335,0,0.0177785,0.0198877,12,6,,,,,,,,
Gilbey's,14,2005,0,0,0,0,0,0,0,0,0,0,1,0,0,0,0,0,0,0,0,0,0,0,0,0,0,0,0,565,614,641,6.336826,6.419995,6.463029,-0.083169,-8%,1,23704,41.95398,45.17427,3.736573,3.810528,1,1,1,1,2,0,0,1.00E-05,1.00E-05,1.00E-05,0,0,63595,63514,11648,51947,11767,51747,0,0.0155314,0.0177785,13,6,,,,,,,,
Gilbey's,14,2006,0,0,0,0,0,0,0,0,0,0,1,0,0,0,0,0,0,0,0,0,0,0,0,0,0,0,0,567,565,614,6.340359,6.336826,6.419995,0.0035334,0%,1,25572,45.10053,41.95398,3.808894,3.736573,1,1,1,1,2,0,0,1.00E-05,1.00E-05,1.00E-05,0,0,63625,63595,11897,51728,11648,51947,0,0.0145523,0.0155314,14,6,,,,,,,,
Gilbey's,14,2007,0,0,0,0,0,0,0,0,0,0,1,0,0,0,0,0,0,0,0,0,0,0,0,0,0,0,0,553,567,565,6.315358,6.340359,6.336826,-0.025001,-2%,1,24940,45.09946,45.10053,3.80887,3.808894,1,1,1,1,2,0,0,1.00E-05,1.00E-05,1.00E-05,0,0,63671,63625,12015,51656,11897,51728,0,0.0133041,0.0145523,15,6,,,,,,,,
Gordon's,6,1995,0,0,0,0,0,0,0,0,0,0,0,1,0,0,0,0,0,0,0,0,0,0,0,0,0,0,0,1860,1965,1950,7.528332,7.583248,7.575585,-0.0549159,-5%,1,99640,53.56989,48.19339,3.980987,3.875222,1,1,1,1,2,0,0,1.00E-05,1.00E-05,1.00E-05,0,0,61980,61843,10115,51865,11040,50803,0,0.083032,0.084039,3,6,,,,,,,,
Gordon's,6,1996,0,0,0,0,0,0,0,0,0,0,0,1,0,0,0,0,0,0,0,0,0,0,0,0,0,0,0,2025,1860,1965,7.613325,7.528332,7.583248,0.0849929,9%,1,94000,46.41975,53.56989,3.837725,3.980987,1180,1,1,1,1181,7.07327,0,1.00E-05,1.00E-05,7.074117,0,0,61847,61980,9984,51863,10115,51865,0,0.0860969,0.083032,4,2364,,,,,,,,
Gordon's,6,1997,0,0,0,0,0,0,0,0,0,0,0,1,0,0,0,0,0,0,0,0,0,0,0,0,0,0,0,1955,2025,1860,7.578146,7.613325,7.528332,-0.0351791,-3%,1,93840,48,46.41975,3.871201,3.837725,2471.8,1,1,1,2472.8,0,0,1.00E-05,1.00E-05,7.813107,0,0,61949,61847,9923,52026,9984,51863,0,0.0834044,0.0860969,5,4947.6,,,,,,,,
Gordon's,6,1998,0,0,0,0,0,0,0,0,0,0,0,1,0,0,0,0,0,0,0,0,0,0,0,0,0,0,0,2155,1955,2025,7.675546,7.578146,7.613325,0.0974002,10%,1,105595,49,48,3.89182,3.871201,1,1,1,1,2,0,0,1.00E-05,1.00E-05,1.00E-05,0,0,61781,61949,9430,52351,9923,52026,0,0.0867378,0.0834044,6,6,,,,,,,,
Gordon's,6,1999,0,0,0,0,0,0,0,0,0,0,0,1,0,0,0,0,0,0,0,0,0,0,0,0,0,0,0,1973,2155,1955,7.58731,7.675546,7.578146,-0.0882363,-8%,1,104214,52.82007,49,3.966891,3.89182,1,1,1,1,2,0,0,1.00E-05,1.00E-05,1.00E-05,0,0,61995,61781,9510,52485,9430,52351,0,0.0785711,0.0867378,7,6,,,,,,,,
Gordon's,6,2000,0,0,0,0,0,0,0,0,0,0,0,1,0,0,0,0,0,0,0,0,0,0,0,0,0,0,0,1750,1973,2155,7.467371,7.58731,7.675546,-0.1199389,-11%,1,92910,53.09143,52.82007,3.972015,3.966891,1,1,1,1,2,0,0,1.00E-05,1.00E-05,1.00E-05,0,0,62250,61995,10116,52134,9510,52485,0,0.0658836,0.0785711,8,6,,,,,,,,
Gordon's,6,2001,0,0,0,0,0,0,0,0,0,0,0,1,0,0,0,0,0,0,0,0,0,0,0,0,0,0,0,1592,1750,1973,7.372746,7.467371,7.58731,-0.094625,-9%,1,89856,56.44221,53.09143,4.033217,3.972016,1,1,1,1,2,0,0,1.00E-05,1.00E-05,1.00E-05,0,0,62440,62250,10021,52419,10116,52134,0,0.0572765,0.0658836,9,6,,,,,,,,
Gordon's,6,2002,0,0,0,0,0,0,0,0,0,0,0,1,0,0,0,0,0,0,0,0,0,0,0,0,0,0,0,1528,1592,1750,7.331715,7.372746,7.467371,-0.0410309,-4%,1,85812,56.15969,56.44221,4.028199,4.033217,1,1,1,1,2,0,0,1.00E-05,1.00E-05,1.00E-05,0,0,62536,62440,10055,52481,10021,52419,0,0.0513631,0.0572765,10,6,,,,,,,,
Gordon's,6,2003,0,0,0,0,0,0,0,0,0,0,0,1,0,0,0,0,0,0,0,0,0,0,0,0,0,0,0,1480,1528,1592,7.299798,7.331715,7.372746,-0.0319171,-3%,1,84346,56.99054,56.15969,4.042885,4.028199,1,1,1,1,2,0,0,1.00E-05,1.00E-05,1.00E-05,0,0,62616,62536,10281,52335,10055,52481,0,0.0459185,0.0513631,11,6,,,,,,,,
Gordon's,6,2004,0,0,0,0,0,0,0,0,0,0,0,1,0,0,0,0,0,0,0,0,0,0,0,0,0,0,0,1496,1480,1528,7.31055,7.299798,7.331715,0.0107522,1%,1,85950,57.45321,56.99054,4.050971,4.042885,1,1,1,1,2,0,0,1.00E-05,1.00E-05,1.00E-05,0,0,62632,62616,10885,51747,10281,52335,0,0.0433171,0.0459185,12,6,,,,,,,,
Gordon's,6,2005,0,0,0,0,0,0,0,0,0,0,0,1,0,0,0,0,0,0,0,0,0,0,0,0,0,0,0,1448,1496,1480,7.277938,7.31055,7.299798,-0.0326123,-3%,1,82970,57.29972,57.45321,4.048296,4.050971,1,1,1,1,2,0,0,1.00E-05,1.00E-05,1.00E-05,0,0,62712,62632,10765,51947,10885,51747,0,0.0398043,0.0433171,13,6,,,,,,,,
Gordon's,6,2006,0,0,0,0,0,0,0,0,0,0,0,1,0,0,0,0,0,0,0,0,0,0,0,0,0,0,0,1413,1448,1496,7.25347,7.277938,7.31055,-0.0244679,-2%,1,82627,58.47629,57.29972,4.068622,4.048296,1,1,1,1,2,0,0,1.00E-05,1.00E-05,1.00E-05,0,0,62779,62712,11051,51728,10765,51947,0,0.0362652,0.0398043,14,6,,,,,,,,
Gordon's,6,2007,0,0,0,0,0,0,0,0,0,0,0,1,0,0,0,0,0,0,0,0,0,0,0,0,0,0,0,1300,1413,1448,7.17012,7.25347,7.277938,-0.0833502,-8%,1,74490,57.3,58.47629,4.048301,4.068621,1,1,1,1,2,0,0,1.00E-05,1.00E-05,1.00E-05,0,0,62924,62779,11268,51656,11051,51728,0,0.0312756,0.0362652,15,6,,,,,,,,
Grey Goose,16,1999,0,0,0,0,0,0,0,0,0,0,0,0,1,0,0,0,0,0,0,0,0,0,0,0,0,0,0,100,50,18,4.60517,3.912023,2.890372,0.6931467,100%,0,17350,173.5,86.76,5.156178,4.463146,1475.7,1743.4,1,1,3219.1,7.296888,7.463593,1.00E-05,1.00E-05,8.076858,1,0,63868,63886,6068,57800,5310,58576,1,0.0039823,0.0020125,7,6440.2,,,,,,,,
Grey Goose,16,2000,0,0,0,0,0,0,0,0,0,0,0,0,1,0,0,0,0,0,0,0,0,0,0,0,0,0,0,275,100,50,5.616771,4.60517,3.912023,1.011601,175%,0,47713,173.5018,173.5,5.156188,5.156178,3037.5,952.8,1,1,3990.3,8.01879,6.859405,1.00E-05,1.00E-05,8.291622,1,0,63725,63868,6879,56846,6068,57800,0,0.0103531,0.0039823,8,7982.6,,,,,,,,
Grey Goose,16,2001,0,0,0,0,0,0,0,0,0,0,0,0,1,0,0,0,0,0,0,0,0,0,0,0,0,0,0,600,275,100,6.39693,5.616771,4.60517,0.780159,118%,0,104100,173.5,173.5018,5.156178,5.156188,4645.9,1014.2,1,1,5660.1,8.443741,6.921855,1.00E-05,1.00E-05,8.641197,1,0,63432,63725,7137,56295,6879,56846,0,0.0215866,0.0103531,9,11322.2,,,,,,,,
Grey Goose,16,2002,0,0,0,0,0,0,0,0,0,0,0,0,1,0,0,0,0,0,0,0,0,0,0,0,0,0,0,1150,600,275,7.047517,6.39693,5.616771,0.6505866,92%,0,199525,173.5,173.5,5.156178,5.156178,8883.7,965.3,1,410.9,9849,9.091973,6.872439,1.00E-05,6.01835,9.195126,1,0,62914,63432,7522,55392,7137,56295,0,0.0386568,0.0215866,10,20109.9,,,,,,,,
Grey Goose,16,2003,0,0,0,0,0,0,0,0,0,0,0,0,1,0,0,0,0,0,0,0,0,0,0,0,0,0,0,1400,1150,600,7.244227,7.047517,6.39693,0.1967101,22%,0,251300,179.5,173.5,5.190175,5.156178,11846.9,1455.9,1,894.9,13302.8,9.379822,7.28338,1.00E-05,6.796712,9.495729,1,0,62696,62914,8027,54669,7522,55392,0,0.0434364,0.0386568,11,27501.5,,,,,,,,
Grey Goose,16,2004,0,0,0,0,0,0,0,0,0,0,0,0,1,0,0,0,0,0,0,0,0,0,0,0,0,0,0,1650,1400,1150,7.408531,7.244227,7.047517,0.1643043,18%,0,341229,206.8055,179.5,5.331779,5.190175,21058.9,839.7,1,1136.8,21898.6,9.955078,6.733045,1.00E-05,7.035973,9.994178,1,0,62478,62696,8672,53806,8027,54669,0,0.0477762,0.0434364,12,44935,,,,,,,,
Grey Goose,16,2005,0,0,0,0,0,0,0,0,0,0,0,0,1,0,0,0,0,0,0,0,0,0,0,0,0,0,0,2075,1650,1400,7.637716,7.408531,7.244227,0.2291846,26%,0,414751,199.88,206.8055,5.297717,5.331779,24427.9,91.7,1,1546.2,24519.6,10.10348,4.518522,1.00E-05,7.343555,10.10723,1,0,62085,62478,8895,53190,8672,53806,0,0.05704,0.0477762,13,50586.4,,,,,,,,
Grey Goose,16,2006,0,0,0,0,0,0,0,0,0,0,0,0,1,0,0,0,0,0,0,0,0,0,0,0,0,0,0,2660,2075,1650,7.886081,7.637716,7.408531,0.2483654,28%,0,572911,215.3801,199.88,5.372404,5.297717,16959.8,45.4,1,1594.4,17005.2,9.738601,3.815512,1.00E-05,7.374253,9.741275,1,0,61532,62085,9453,52079,8895,53190,0,0.0682699,0.05704,14,35605.8,,,,,,,,
Grey Goose,16,2007,0,0,0,0,0,0,0,0,0,0,0,0,1,0,0,0,0,0,0,0,0,0,0,0,0,0,0,3325,2660,2075,8.109225,7.886081,7.637716,0.2231441,25%,0,716139,215.3802,,5.372405,,18035.9,999.9,1,2024.6,19035.8,9.800119,6.907655,1.00E-05,7.613127,9.854076,1,0,60899,61532,9807,51092,9453,52079,0,0.0799933,0.0682699,15,40097.2,,,,,,,,
Kamchatka,7,1995,0,0,0,0,0,0,0,0,0,0,0,0,0,1,0,0,0,0,0,0,0,0,0,0,0,0,0,1235,1260,1360,7.118826,7.138867,7.21524,-0.020041,-2%,1,46680,37.79757,36.42857,3.632245,3.595353,1,1,1,1,2,0,0,1.00E-05,1.00E-05,1.00E-05,0,0,62605,62548,10740,51865,11745,50803,0,0.0551315,0.0538876,3,6,,,,,,,,
Kamchatka,7,1996,0,0,0,0,0,0,0,0,0,0,0,0,0,1,0,0,0,0,0,0,0,0,0,0,0,0,0,1135,1235,1260,7.034388,7.118826,7.138867,-0.0844378,-8%,1,39260,34.59031,37.79757,3.543574,3.632245,1,1,1,1,2,0,0,1.00E-05,1.00E-05,1.00E-05,0,0,62737,62605,10874,51863,10740,51865,0,0.0482568,0.0551315,4,6,,,,,,,,
Kamchatka,7,1997,0,0,0,0,0,0,0,0,0,0,0,0,0,1,0,0,0,0,0,0,0,0,0,0,0,0,0,1080,1135,1235,6.984716,7.034388,7.118826,-0.0496721,-5%,1,41094.1,38.05009,34.59031,3.638904,3.543574,1,1,1,1,2,0,0,1.00E-05,1.00E-05,1.00E-05,0,0,62824,62737,10798,52026,10874,51863,0,0.0460751,0.0482568,5,6,,,,,,,,
Kamchatka,7,1998,0,0,0,0,0,0,0,0,0,0,0,0,0,1,0,0,0,0,0,0,0,0,0,0,0,0,0,725,1080,1135,6.586172,6.984716,7.034388,-0.3985438,-33%,1,27586,38.04966,38.05009,3.638892,3.638903,1,1,1,1,2,0,0,1.00E-05,1.00E-05,1.00E-05,0,0,63211,62824,10860,52351,10798,52026,0,0.0291809,0.0460751,6,6,,,,,,,,
Kamchatka,7,1999,0,0,0,0,0,0,0,0,0,0,0,0,0,1,0,0,0,0,0,0,0,0,0,0,0,0,0,757,725,1080,6.629363,6.586172,6.984716,0.043191,4%,1,28804,38.0502,38.04966,3.638906,3.638892,1,1,1,1,2,0,0,1.00E-05,1.00E-05,1.00E-05,0,0,63211,63211,10726,52485,10860,52351,0,0.0301462,0.0291809,7,6,,,,,,,,
Kamchatka,7,2000,0,0,0,0,0,0,0,0,0,0,0,0,0,1,0,0,0,0,0,0,0,0,0,0,0,0,0,1061,757,725,6.966967,6.629363,6.586172,0.337604,40%,1,28956,27.29123,38.0502,3.306566,3.638906,1,1,1,1,2,0,0,1.00E-05,1.00E-05,1.00E-05,0,0,62939,63211,10805,52134,10726,52485,0,0.0399443,0.0301462,8,6,,,,,,,,
Kamchatka,7,2001,0,0,0,0,0,0,0,0,0,0,0,0,0,1,0,0,0,0,0,0,0,0,0,0,0,0,0,787,1061,757,6.668228,6.966967,6.629363,-0.298739,-26%,1,29945,38.04956,27.29123,3.638889,3.306566,1,1,1,1,2,0,0,1.00E-05,1.00E-05,1.00E-05,0,0,63245,62939,10826,52419,10805,52134,0,0.0283144,0.0399443,9,6,,,,,,,,
Kamchatka,7,2002,0,0,0,0,0,0,0,0,0,0,0,0,0,1,0,0,0,0,0,0,0,0,0,0,0,0,0,800,787,1061,6.684612,6.668228,6.966967,0.0163836,2%,1,38469,48.08625,38.04956,3.872996,3.63889,1,1,1,1,2,0,0,1.00E-05,1.00E-05,1.00E-05,0,0,63264,63245,10783,52481,10826,52419,0,0.0268917,0.0283144,10,6,,,,,,,,
Kamchatka,7,2003,0,0,0,0,0,0,0,0,0,0,0,0,0,1,0,0,0,0,0,0,0,0,0,0,0,0,0,818,800,787,6.706862,6.684612,6.668228,0.0222502,2%,1,31011,37.91076,48.08625,3.635235,3.872996,1,1,1,1,2,0,0,1.00E-05,1.00E-05,1.00E-05,0,0,63278,63264,10943,52335,10783,52481,0,0.0253793,0.0268917,11,6,,,,,,,,
Kamchatka,7,2004,0,0,0,0,0,0,0,0,0,0,0,0,0,1,0,0,0,0,0,0,0,0,0,0,0,0,0,918,818,800,6.822197,6.706862,6.684612,0.115335,12%,1,37104,40.4183,37.91076,3.699283,3.635235,1,1,1,1,2,0,0,1.00E-05,1.00E-05,1.00E-05,0,0,63210,63278,11463,51747,10943,52335,0,0.026581,0.0253793,12,6,,,,,,,,
Kamchatka,7,2005,0,0,0,0,0,0,0,0,0,0,0,0,0,1,0,0,0,0,0,0,0,0,0,0,0,0,0,871,918,818,6.769642,6.822197,6.706862,-0.0525551,-5%,1,33256,38.1814,40.4183,3.642349,3.699283,1,1,1,1,2,0,0,1.00E-05,1.00E-05,1.00E-05,0,0,63289,63210,11342,51947,11463,51747,0,0.023943,0.026581,13,6,,,,,,,,
Kamchatka,7,2006,0,0,0,0,0,0,0,0,0,0,0,0,0,1,0,0,0,0,0,0,0,0,0,0,0,0,0,902,871,918,6.804615,6.769642,6.822197,0.0349731,4%,1,34321,38.04989,38.1814,3.638898,3.642349,1,1,1,1,2,0,0,1.00E-05,1.00E-05,1.00E-05,0,0,63290,63289,11562,51728,11342,51947,0,0.0231502,0.023943,14,6,,,,,,,,
Kamchatka,7,2007,0,0,0,0,0,0,0,0,0,0,0,0,0,1,0,0,0,0,0,0,0,0,0,0,0,0,0,915,902,871,6.818924,6.804615,6.769642,0.0143089,1%,1,34816,38.05027,38.04989,3.638908,3.638898,1,1,1,1,2,0,0,1.00E-05,1.00E-05,1.00E-05,0,0,63309,63290,11653,51656,11562,51728,0,0.0220132,0.0231502,15,6,,,,,,,,
Ketel One,18,2000,0,0,0,0,0,0,0,0,0,0,0,0,0,0,1,0,0,0,0,0,0,0,0,0,0,0,0,750,605,450,6.620073,6.405229,6.109248,0.2148438,24%,0,87375,116.5,,4.757891,,1,1,1,1,2,0,0,1.00E-05,1.00E-05,1.00E-05,1,0,63250,63363,6404,56846,5563,57800,0,0.0282358,0.024093,8,6,,,,,,,,
Ketel One,18,2001,0,0,0,0,0,0,0,0,0,0,0,0,0,0,1,0,0,0,0,0,0,0,0,0,0,0,0,953,750,605,6.859615,6.620073,6.405229,0.239542,27%,0,118315,124.1501,116.5,4.821491,4.757891,1,1,1,1,2,0,0,1.00E-05,1.00E-05,1.00E-05,1,0,63079,63250,6784,56295,6404,56846,0,0.0342867,0.0282358,9,6,,,,,,,,
Ketel One,18,2002,0,0,0,0,0,0,0,0,0,0,0,0,0,0,1,0,0,0,0,0,0,0,0,0,0,0,0,1054,953,750,6.960348,6.859615,6.620073,0.1007333,11%,0,123578,117.2467,124.1501,4.76428,4.821491,1,1,1,1,2,0,0,1.00E-05,1.00E-05,1.00E-05,1,0,63010,63079,7618,55392,6784,56295,0,0.0354298,0.0342867,10,6,,,,,,,,
Ketel One,18,2003,0,0,0,0,0,0,0,0,0,0,0,0,0,0,1,0,0,0,0,0,0,0,0,0,0,0,0,1243,1054,953,7.125283,6.960348,6.859615,0.1649346,18%,0,153884,123.8005,117.2467,4.818671,4.76428,5382.8,693.7,1,1,6076.5,8.590964,6.542039,1.00E-05,1.00E-05,8.712184,1,0,62853,63010,8184,54669,7618,55392,0,0.0385654,0.0354298,11,12155,,,,,,,,
Ketel One,18,2004,0,0,0,0,0,0,0,0,0,0,0,0,0,0,1,0,0,0,0,0,0,0,0,0,0,0,0,1438,1243,1054,7.271008,7.125283,6.960348,0.1457253,16%,0,177456,123.4047,123.8005,4.815469,4.818671,7902.8,2351.5,1,1,10254.3,8.974973,7.762809,1.00E-05,1.00E-05,9.235453,1,0,62690,62853,8884,53806,8184,54669,0,0.0416377,0.0385654,12,20510.6,,,,,,,,
Ketel One,18,2005,0,0,0,0,0,0,0,0,0,0,0,0,0,0,1,0,0,0,0,0,0,0,0,0,0,0,0,1593,1438,1243,7.373374,7.271008,7.125283,0.102366,11%,0,210961,132.43,123.4047,4.886054,4.815469,13153.5,3524.9,241.4,2.8,16678.4,9.484443,8.167607,5.486455,1.029619,9.721869,1,0,62567,62690,9377,53190,8884,53806,0,0.0437902,0.0416377,13,33601,,,,,,,,
Ketel One,18,2006,0,0,0,0,0,0,0,0,0,0,0,0,0,0,1,0,0,0,0,0,0,0,0,0,0,0,0,1753,1593,1438,7.469084,7.373374,7.271008,0.0957098,10%,0,265562,151.49,132.43,5.02052,4.886054,17753.3,3346.9,135.2,16.7,21100.2,9.784327,8.115789,4.906755,2.815409,9.957038,1,0,62439,62567,10360,52079,9377,53190,0,0.0449914,0.0437902,14,42352.3,,,,,,,,
Ketel One,18,2007,0,0,0,0,0,0,0,0,0,0,0,0,0,0,1,0,0,0,0,0,0,0,0,0,0,0,0,1858,1753,1593,7.527256,7.469084,7.373374,0.0581722,6%,0,293888,158.1744,151.49,5.063698,5.02052,1,1,1,1,2,0,0,1.00E-05,1.00E-05,1.00E-05,1,0,62366,62439,11274,51092,10360,52079,0,0.0447,0.0449914,15,6,,,,,,,,
Level,24,2006,0,0,0,0,0,0,0,0,0,0,0,0,0,0,0,1,0,0,0,0,0,0,0,0,0,0,0,103,88,100,4.634729,4.477337,4.60517,0.157392,17%,0,20806,202,17776,5.308268,9.785604,7428.1,1,1,0.6,7429.1,8.913026,0,1.00E-05,-0.5108256,8.91316,1,0,64089,64072,12010,52079,10882,53190,1,0.0026435,0.002419,14,14859.8,,,,,,,,
Level,24,2007,0,0,0,0,0,0,0,0,0,0,0,0,0,0,0,1,0,0,0,0,0,0,0,0,0,0,0,92,103,88,4.521789,4.634729,4.477337,-0.1129398,-11%,0,18584,202,20806,5.308268,9.942997,4431.1,1,140.8,1,4432.1,8.396403,0,4.94734,1.00E-05,8.396628,1,0,64132,64089,13040,51092,12010,52079,0,0.0022133,0.0026435,15,9006,,,,,,,,
McCormick,3,1998,0,0,0,0,0,0,0,0,0,0,0,0,0,0,0,0,1,0,0,0,0,0,0,0,0,0,0,1418,1324,1206,7.257003,7.188413,7.095064,0.0685897,7%,1,48212,34,,3.526361,,1,1,1,1,2,0,0,1.00E-05,1.00E-05,1.00E-05,0,0,62518,62580,10167,52351,10554,52026,0,0.0570739,0.0564846,6,6,,,,,,,,
McCormick,3,1999,0,0,0,0,0,0,0,0,0,0,0,0,0,0,0,0,1,0,0,0,0,0,0,0,0,0,0,1479,1418,1324,7.299121,7.257003,7.188413,0.0421181,4%,1,50286,34,34,3.526361,3.526361,1,1,1,1,2,0,0,1.00E-05,1.00E-05,1.00E-05,0,0,62489,62518,10004,52485,10167,52351,0,0.0588985,0.0570739,7,6,,,,,,,,
McCormick,3,2000,0,0,0,0,0,0,0,0,0,0,0,0,0,0,0,0,1,0,0,0,0,0,0,0,0,0,0,1595,1479,1418,7.374629,7.299121,7.257003,0.0755081,8%,1,54230,34,34,3.526361,3.526361,1,1,1,1,2,0,0,1.00E-05,1.00E-05,1.00E-05,0,0,62405,62489,10271,52134,10004,52485,0,0.0600482,0.0588985,8,6,,,,,,,,
McCormick,3,2001,0,0,0,0,0,0,0,0,0,0,0,0,0,0,0,0,1,0,0,0,0,0,0,0,0,0,0,1701,1595,1479,7.438972,7.374629,7.299121,0.064343,7%,1,58650,34.47972,34,3.540371,3.526361,1,1,1,1,2,0,0,1.00E-05,1.00E-05,1.00E-05,0,0,62331,62405,9912,52419,10271,52134,0,0.0611981,0.0600482,9,6,,,,,,,,
McCormick,3,2002,0,0,0,0,0,0,0,0,0,0,0,0,0,0,0,0,1,0,0,0,0,0,0,0,0,0,0,1744,1701,1595,7.463937,7.438972,7.374629,0.0249648,3%,1,59375,34.0453,34.47972,3.527692,3.540371,1,1,1,1,2,0,0,1.00E-05,1.00E-05,1.00E-05,0,0,62320,62331,9839,52481,9912,52419,0,0.0586238,0.0611981,10,6,,,,,,,,
McCormick,3,2003,0,0,0,0,0,0,0,0,0,0,0,0,0,0,0,0,1,0,0,0,0,0,0,0,0,0,0,1746,1744,1701,7.465083,7.463937,7.438972,0.0011463,0%,1,62100,35.56701,34.0453,3.571419,3.527692,1,1,1,1,2,0,0,1.00E-05,1.00E-05,1.00E-05,0,0,62350,62320,10015,52335,9839,52481,0,0.0541715,0.0586238,11,6,,,,,,,,
McCormick,3,2004,0,0,0,0,0,0,0,0,0,0,0,0,0,0,0,0,1,0,0,0,0,0,0,0,0,0,0,1869,1746,1744,7.533159,7.465083,7.463937,0.0680757,7%,1,64481,34.50027,35.56701,3.540967,3.571419,1,1,1,1,2,0,0,1.00E-05,1.00E-05,1.00E-05,0,0,62259,62350,10512,51747,10015,52335,0,0.0541174,0.0541715,12,6,,,,,,,,
McCormick,3,2005,0,0,0,0,0,0,0,0,0,0,0,0,0,0,0,0,1,0,0,0,0,0,0,0,0,0,0,1906,1869,1746,7.552762,7.533159,7.465083,0.0196033,2%,1,65550,34.3914,34.50027,3.537807,3.540967,1,1,1,1,2,0,0,1.00E-05,1.00E-05,1.00E-05,0,0,62254,62259,10307,51947,10512,51747,0,0.0523943,0.0541174,13,6,,,,,,,,
McCormick,3,2006,0,0,0,0,0,0,0,0,0,0,0,0,0,0,0,0,1,0,0,0,0,0,0,0,0,0,0,2001,1906,1869,7.601402,7.552762,7.533159,0.0486398,5%,1,69035,34.50025,34.3914,3.540967,3.537807,1,1,1,1,2,0,0,1.00E-05,1.00E-05,1.00E-05,0,0,62191,62254,10463,51728,10307,51947,0,0.0513564,0.0523943,14,6,,,,,,,,
McCormick,3,2007,0,0,0,0,0,0,0,0,0,0,0,0,0,0,0,0,1,0,0,0,0,0,0,0,0,0,0,1795,2001,1906,7.49276,7.601402,7.552762,-0.1086416,-10%,1,61928,34.50028,34.50025,3.540967,3.540967,1,1,33.4,1,2,0,0,3.508556,1.00E-05,1.00E-05,0,0,62429,62191,10773,51656,10463,51728,0,0.0431843,0.0513564,15,38.4,,,,,,,,
Polar Ice,31,2005,0,0,0,0,0,0,0,0,0,0,0,0,0,0,0,0,0,1,0,0,0,0,0,0,0,0,0,67,50,37,4.204693,3.912023,3.610918,0.2926698,34%,0,4690,70,,4.248495,,1,1,1,1,2,0,0,1.00E-05,1.00E-05,1.00E-05,0,1,64093,64078,13128,50965,11783,52295,0,0.0018418,0.0014478,13,6,,,,,,,,
Polar Ice,31,2006,0,0,0,0,0,0,0,0,0,0,0,0,0,0,0,0,0,1,0,0,0,0,0,0,0,0,0,87,67,50,4.465908,4.204693,3.912023,0.2612152,30%,0,6090,70,70,4.248495,4.248495,1,1,1,1,2,0,0,1.00E-05,1.00E-05,1.00E-05,0,1,64105,64093,14299,49806,13128,50965,0,0.0022329,0.0018418,14,6,,,,,,,,
Polar Ice,31,2007,0,0,0,0,0,0,0,0,0,0,0,0,0,0,0,0,0,1,0,0,0,0,0,0,0,0,0,76,87,67,4.330733,4.465908,4.204693,-0.1351752,-13%,0,5320,70,70,4.248495,4.248495,1,1,1,1,2,0,0,1.00E-05,1.00E-05,1.00E-05,0,1,64148,64105,15790,48358,14299,49806,0,0.0018284,0.0022329,15,6,,,,,,,,
Popov,4,1995,0,0,0,0,0,0,0,0,0,0,0,0,0,0,0,0,0,0,1,0,0,0,0,0,0,0,0,2870,3525,3680,7.962067,8.167636,8.210668,-0.2055688,-19%,1,109830,38.26829,36.19858,3.644622,3.58902,1,1,1,1,2,0,0,1.00E-05,1.00E-05,1.00E-05,0,0,60970,60283,9105,51865,9480,50803,0,0.1281193,0.150757,3,6,,,,,,,,
Popov,4,1996,0,0,0,0,0,0,0,0,0,0,0,0,0,0,0,0,0,0,1,0,0,0,0,0,0,0,0,2805,2870,3525,7.939159,7.962067,8.167636,-0.0229082,-2%,1,100678,35.89233,38.26829,3.580524,3.644622,1,1,1,1,2,0,0,1.00E-05,1.00E-05,1.00E-05,0,0,61067,60970,9204,51863,9105,51865,0,0.1192602,0.1281193,4,6,,,,,,,,
Popov,4,1997,0,0,0,0,0,0,0,0,0,0,0,0,0,0,0,0,0,0,1,0,0,0,0,0,0,0,0,2577,2805,2870,7.854381,7.939159,7.962067,-0.0847778,-8%,1,101147.3,39.25002,35.89233,3.669952,3.580524,1,1,1,1,2,0,0,1.00E-05,1.00E-05,1.00E-05,0,0,61327,61067,9301,52026,9204,51863,0,0.1099403,0.1192602,5,6,,,,,,,,
Popov,4,1998,0,0,0,0,0,0,0,0,0,0,0,0,0,0,0,0,0,0,1,0,0,0,0,0,0,0,0,2230,2577,2805,7.709757,7.854381,7.939159,-0.1446242,-13%,1,87528,39.25023,39.25002,3.669957,3.669952,1,1,1,1,2,0,0,1.00E-05,1.00E-05,1.00E-05,0,0,61706,61327,9355,52351,9301,52026,0,0.0897565,0.1099403,6,6,,,,,,,,
Popov,4,1999,0,0,0,0,0,0,0,0,0,0,0,0,0,0,0,0,0,0,1,0,0,0,0,0,0,0,0,2070,2230,2577,7.635304,7.709757,7.854381,-0.0744529,-7%,1,81248,39.25024,39.25023,3.669958,3.669957,1,1,1,1,2,0,0,1.00E-05,1.00E-05,1.00E-05,0,0,61898,61706,9413,52485,9355,52351,0,0.082434,0.0897565,7,6,,,,,,,,
Popov,4,2000,0,0,0,0,0,0,0,0,0,0,0,0,0,0,0,0,0,0,1,0,0,0,0,0,0,0,0,1910,2070,2230,7.554859,7.635304,7.709757,-0.0804448,-8%,1,81786,42.8199,39.25024,3.757003,3.669958,1,1,1,1,2,0,0,1.00E-05,1.00E-05,1.00E-05,0,0,62090,61898,9956,52134,9413,52485,0,0.0719072,0.082434,8,6,,,,,,,,
Popov,4,2001,0,0,0,0,0,0,0,0,0,0,0,0,0,0,0,0,0,0,1,0,0,0,0,0,0,0,0,1797,1910,2070,7.493874,7.554859,7.635304,-0.0609851,-6%,1,78361,43.60657,42.8199,3.775208,3.757003,1,1,1,1,2,0,0,1.00E-05,1.00E-05,1.00E-05,0,0,62235,62090,9816,52419,9956,52134,0,0.0646519,0.0719072,9,6,,,,,,,,
Popov,4,2002,0,0,0,0,0,0,0,0,0,0,0,0,0,0,0,0,0,0,1,0,0,0,0,0,0,0,0,1710,1797,1910,7.444249,7.493874,7.554859,-0.0496249,-5%,1,73222,42.81988,43.60657,3.757003,3.775208,1,1,1,1,2,0,0,1.00E-05,1.00E-05,1.00E-05,0,0,62354,62235,9873,52481,9816,52419,0,0.0574809,0.0646519,10,6,,,,,,,,
Popov,4,2003,0,0,0,0,0,0,0,0,0,0,0,0,0,0,0,0,0,0,1,0,0,0,0,0,0,0,0,1815,1710,1797,7.503841,7.444249,7.493874,0.0595918,6%,1,78204,43.0876,42.81988,3.763235,3.757003,1,1,1,1,2,0,0,1.00E-05,1.00E-05,1.00E-05,0,0,62281,62354,9946,52335,9873,52481,0,0.0563122,0.0574809,11,6,,,,,,,,
Popov,4,2004,0,0,0,0,0,0,0,0,0,0,0,0,0,0,0,0,0,0,1,0,0,0,0,0,0,0,0,1852,1815,1710,7.524022,7.503841,7.444249,0.0201812,2%,1,81234,43.86285,43.0876,3.781068,3.763235,1,1,1,1,2,0,0,1.00E-05,1.00E-05,1.00E-05,0,0,62276,62281,10529,51747,9946,52335,0,0.0536252,0.0563122,12,6,,,,,,,,
Popov,4,2005,0,0,0,0,0,0,0,0,0,0,0,0,0,0,0,0,0,0,1,0,0,0,0,0,0,0,0,1789,1852,1815,7.489412,7.524022,7.503841,-0.0346103,-3%,1,78160,43.68921,43.86285,3.777101,3.781068,1,1,1,1,2,0,0,1.00E-05,1.00E-05,1.00E-05,0,0,62371,62276,10424,51947,10529,51747,0,0.0491781,0.0536252,13,6,,,,,,,,
Popov,4,2006,0,0,0,0,0,0,0,0,0,0,0,0,0,0,0,0,0,0,1,0,0,0,0,0,0,0,0,1753,1789,1852,7.469084,7.489412,7.524022,-0.020328,-2%,1,76974,43.90987,43.68921,3.782139,3.777101,1,1,1,1,2,0,0,1.00E-05,1.00E-05,1.00E-05,0,0,62439,62371,10711,51728,10424,51947,0,0.0449914,0.0491781,14,6,,,,,,,,
Popov,4,2007,0,0,0,0,0,0,0,0,0,0,0,0,0,0,0,0,0,0,1,0,0,0,0,0,0,0,0,1764,1753,1789,7.475339,7.469084,7.489412,0.0062551,1%,1,77457,43.90986,43.90987,3.782139,3.782139,1,1,1,1,2,0,0,1.00E-05,1.00E-05,1.00E-05,0,0,62460,62439,10804,51656,10711,51728,0,0.0424385,0.0449914,15,6,,,,,,,,
Pravda,26,2006,0,0,0,0,0,0,0,0,0,0,0,0,0,0,0,0,0,0,0,1,0,0,0,0,0,0,0,140,100,65,4.941642,4.60517,4.174387,0.336472,40%,0,19600,140,140,4.941642,4.941642,1,3255.4,3255.4,1,3256.4,0,8.088071,8.088071,1.00E-05,8.088378,1,0,64052,64060,11973,52079,10870,53190,1,0.0035932,0.0027489,14,9769.2,,,,,,,,
Pravda,26,2007,0,0,0,0,0,0,0,0,0,0,0,0,0,0,0,0,0,0,0,1,0,0,0,0,0,0,0,90,140,100,4.510859507,4.941642,4.60517,-0.563492657,-36%,0,12600,140,140,4.941642,4.941642,5579,2926.1,1,1,8505.1,8.626765,7.981426,1.00E-05,1.00E-05,9.048421,1,0,64134,64052,13042,51092,11973,52079,0,0.0021652,0.0035932,15,17012.2,,,,,,,,
Seagram's,9,2007,0,0,0,0,0,0,0,0,0,0,0,0,0,0,0,0,0,0,0,0,1,0,0,0,0,0,0,890,807,727,6.791222,6.693324,6.588926,0.097898,10%,1,63092,70.88988,,4.261128,,1,1,1,1,2,0,0,1.00E-05,1.00E-05,1.00E-05,0,1,63334,63385,14976,48358,13579,49806,0,0.0214117,0.020712,15,6,,,,,,,,
Skol,13,1995,0,0,0,0,0,0,0,0,0,0,0,0,0,0,0,0,0,0,0,0,0,1,0,0,0,0,0,810,1010,1205,6.697034,6.917706,7.094235,-0.2206721,-20%,1,30900,38.14815,42.07921,3.641477,3.739554,1,1,1,1,2,0,0,1.00E-05,1.00E-05,1.00E-05,0,0,63030,62798,11165,51865,11995,50803,0,0.0361591,0.0431956,3,6,,,,,,,,
Skol,13,1996,0,0,0,0,0,0,0,0,0,0,0,0,0,0,0,0,0,0,0,0,0,1,0,0,0,0,0,928,810,1010,6.833032,6.697034,6.917706,0.1359982,15%,1,35032,37.75,38.14815,3.630985,3.641477,1,1,1,1,2,0,0,1.00E-05,1.00E-05,1.00E-05,0,0,62944,63030,11081,51863,11165,51865,0,0.0394558,0.0361591,4,6,,,,,,,,
Skol,13,1997,0,0,0,0,0,0,0,0,0,0,0,0,0,0,0,0,0,0,0,0,0,1,0,0,0,0,0,924,928,810,6.828712,6.833032,6.697034,-0.0043201,0%,1,35112,38,37.75,3.637586,3.630985,1,1,1,1,2,0,0,1.00E-05,1.00E-05,1.00E-05,0,0,62980,62944,10954,52026,11081,51863,0,0.0394198,0.0394558,5,6,,,,,,,,
Skol,13,1998,0,0,0,0,0,0,0,0,0,0,0,0,0,0,0,0,0,0,0,0,0,1,0,0,0,0,0,959,924,928,6.865891,6.828712,6.833032,0.037179,4%,1,36202,37.74974,38,3.630979,3.637586,1,1,1,1,2,0,0,1.00E-05,1.00E-05,1.00E-05,0,0,62977,62980,10626,52351,10954,52026,0,0.0385993,0.0394198,6,6,,,,,,,,
Skol,13,1999,0,0,0,0,0,0,0,0,0,0,0,0,0,0,0,0,0,0,0,0,0,1,0,0,0,0,0,1012,959,924,6.919684,6.865891,6.828712,0.053793,6%,1,38203,37.75,37.74974,3.630985,3.630979,1,1,1,1,2,0,0,1.00E-05,1.00E-05,1.00E-05,0,0,62956,62977,10471,52485,10626,52351,0,0.0403011,0.0385993,7,6,,,,,,,,
Skol,13,2000,0,0,0,0,0,0,0,0,0,0,0,0,0,0,0,0,0,0,0,0,0,1,0,0,0,0,0,1108,1012,959,7.010312,6.919684,6.865891,0.0906281,9%,1,41827,37.75,37.75,3.630985,3.630985,1,1,1,1,2,0,0,1.00E-05,1.00E-05,1.00E-05,0,0,62892,62956,10758,52134,10471,52485,0,0.0417137,0.0403011,8,6,,,,,,,,
Skol,13,2001,0,0,0,0,0,0,0,0,0,0,0,0,0,0,0,0,0,0,0,0,0,1,0,0,0,0,0,1157,1108,1012,7.053586,7.010312,6.919684,0.0432739,4%,1,43677,37.75022,37.75,3.630991,3.630985,1,1,1,1,2,0,0,1.00E-05,1.00E-05,1.00E-05,0,0,62875,62892,10456,52419,10758,52134,0,0.0416262,0.0417137,9,6,,,,,,,,
Skol,13,2002,0,0,0,0,0,0,0,0,0,0,0,0,0,0,0,0,0,0,0,0,0,1,0,0,0,0,0,1183,1157,1108,7.075809,7.053586,7.010312,0.022223,2%,1,44658,37.74979,37.75022,3.63098,3.630991,1,1,1,1,2,0,0,1.00E-05,1.00E-05,1.00E-05,0,0,62881,62875,10400,52481,10456,52419,0,0.039766,0.0416262,10,6,,,,,,,,
Skol,13,2003,0,0,0,0,0,0,0,0,0,0,0,0,0,0,0,0,0,0,0,0,0,1,0,0,0,0,0,1206,1183,1157,7.095064,7.075809,7.053586,0.0192552,2%,1,45527,37.75042,37.74979,3.630996,3.63098,1,1,1,1,2,0,0,1.00E-05,1.00E-05,1.00E-05,0,0,62890,62881,10555,52335,10400,52481,0,0.0374174,0.039766,11,6,,,,,,,,
Skol,13,2004,0,0,0,0,0,0,0,0,0,0,0,0,0,0,0,0,0,0,0,0,0,1,0,0,0,0,0,1366,1206,1183,7.219642,7.095064,7.075809,0.124578,13%,1,51567,37.75037,37.75042,3.630995,3.630997,1,1,1,1,2,0,0,1.00E-05,1.00E-05,1.00E-05,0,0,62762,62890,11015,51747,10555,52335,0,0.0395529,0.0374174,12,6,,,,,,,,
Skol,13,2005,0,0,0,0,0,0,0,0,0,0,0,0,0,0,0,0,0,0,0,0,0,1,0,0,0,0,0,1387,1366,1206,7.234899,7.219642,7.095064,0.0152569,2%,1,52359,37.74982,37.75037,3.630981,3.630995,1,1,1,1,2,0,0,1.00E-05,1.00E-05,1.00E-05,0,0,62773,62762,10826,51947,11015,51747,0,0.0381274,0.0395529,13,6,,,,,,,,
Skol,13,2006,0,0,0,0,0,0,0,0,0,0,0,0,0,0,0,0,0,0,0,0,0,1,0,0,0,0,0,1470,1387,1366,7.293018,7.234899,7.219642,0.0581188,6%,1,55493,37.75034,37.74982,3.630995,3.630981,1,1,1,1,2,0,0,1.00E-05,1.00E-05,1.00E-05,0,0,62722,62773,10994,51728,10826,51947,0,0.0377281,0.0381274,14,6,,,,,,,,
Skol,13,2007,0,0,0,0,0,0,0,0,0,0,0,0,0,0,0,0,0,0,0,0,0,1,0,0,0,0,0,1591,1470,1387,7.372118,7.293018,7.234899,0.0791001,8%,1,60060,37.74984,37.75034,3.630981,3.630995,1,1,1,1,2,0,0,1.00E-05,1.00E-05,1.00E-05,0,0,62633,62722,10977,51656,10994,51728,0,0.0382765,0.0377281,15,6,,,,,,,,
Sky,2,1998,0,0,0,0,0,0,0,0,0,0,0,0,0,0,0,0,0,0,0,0,0,0,1,0,0,0,0,702,594,500,6.553934,6.386879,6.214608,0.1670551,18%,1,66795,95.14957,,4.55545,,3259.7,1,224.1,1,3260.7,8.089391,0,5.412092,1.00E-05,8.089697,0,1,63234,63310,7198,56036,5996,57314,0,0.0282552,0.0253413,6,6746.5,,,,,,,,
Sky,2,1999,0,0,0,0,0,0,0,0,0,0,0,0,0,0,0,0,0,0,0,0,0,0,1,0,0,0,0,820,702,594,6.709304,6.553934,6.386879,0.1553698,17%,1,78720,96,95.14957,4.564348,4.55545,3508.6,101,107.4,1,3609.6,8.162972,4.61512,4.67656,1.00E-05,8.191352,0,1,63148,63234,6640,56508,7198,56036,0,0.032655,0.0282552,7,7327.6,,,,,,,,
Sky,2,2000,0,0,0,0,0,0,0,0,0,0,0,0,0,0,0,0,0,0,0,0,0,0,1,0,0,0,0,1090,820,702,6.993933,6.709304,6.553934,0.2846293,33%,1,104640,96,96,4.564348,4.564348,4068.9,1,111.7,1,4069.9,8.311128,0,4.715816,1.00E-05,8.311374,0,1,62910,63148,6452,56458,6640,56508,0,0.0410361,0.032655,8,8252.5,,,,,,,,
Sky,2,2001,0,0,0,0,0,0,0,0,0,0,0,0,0,0,0,0,0,0,0,0,0,0,1,0,0,0,0,1295,1090,820,7.166266,6.993933,6.709304,0.1723328,19%,1,124320,96,96,4.564348,4.564348,5214.8,1,40.8,1,5215.8,8.559256,0,3.708682,1.00E-05,8.559447,0,1,62737,62910,7150,55587,6452,56458,0,0.0465911,0.0410361,9,10473.4,,,,,,,,
Sky,2,2002,0,0,0,0,0,0,0,0,0,0,0,0,0,0,0,0,0,0,0,0,0,0,1,0,0,0,0,1495,1295,1090,7.309882,7.166266,6.993933,0.1436162,15%,1,143520,96,96,4.564348,4.564348,7283.8,1,3,1,7284.8,8.893408,0,1.098612,1.00E-05,8.893545,0,1,62569,62737,7999,54570,7150,55587,0,0.0502538,0.0465911,10,14573.6,,,,,,,,
Sky,2,2003,0,0,0,0,0,0,0,0,0,0,0,0,0,0,0,0,0,0,0,0,0,0,1,0,0,0,0,1694,1495,1295,7.434848,7.309882,7.166266,0.1249657,13%,1,157457,92.94982,96,4.53206,4.564348,7812.6,1,329.9,1,7813.6,8.963493,0,5.79879,1.00E-05,8.963621,0,1,62402,62569,9349,53053,7999,54570,0,0.0525581,0.0502538,11,15958.1,,,,,,,,
Sky,2,2004,0,0,0,0,0,0,0,0,0,0,0,0,0,0,0,0,0,0,0,0,0,0,1,0,0,0,0,1880,1694,1495,7.539027,7.434848,7.309882,0.1041794,11%,1,174746,92.95,92.94982,4.532062,4.53206,9922.5,167.9,454.9,1,10090.4,9.20256,5.123369,6.120078,1.00E-05,9.219339,0,1,62248,62402,9953,52295,9349,53053,0,0.0544359,0.0525581,12,20636.7,,,,,,,,
Sky,2,2005,0,0,0,0,0,0,0,0,0,0,0,0,0,0,0,0,0,0,0,0,0,0,1,0,0,0,0,2065,1880,1694,7.632885,7.539027,7.434848,0.0938578,10%,1,191942,92.95012,92.95,4.532063,4.532062,10839.7,1,899.6,1,10840.7,9.290971,0,6.80195,1.00E-05,9.291063,0,1,62095,62248,11130,50965,9953,52295,0,0.0567651,0.0544359,13,22582,,,,,,,,
Sky,2,2006,0,0,0,0,0,0,0,0,0,0,0,0,0,0,0,0,0,0,0,0,0,0,1,0,0,0,0,2270,2065,1880,7.727535,7.632885,7.539027,0.0946498,10%,1,210997,92.95022,92.95012,4.532064,4.532063,9764.1,203.6,742.7,1,9967.699,9.186467,5.316157,6.610292,1.00E-05,9.207105,0,1,61922,62095,12116,49806,11130,50965,0,0.0582604,0.0567651,14,20679.099,,,,,,,,
Sky,2,2007,0,0,0,0,0,0,0,0,0,0,0,0,0,0,0,0,0,0,0,0,0,0,1,0,0,0,0,2390,2270,2065,7.779048,7.727535,7.632885,0.0515132,5%,1,249158,104.2502,92.95022,4.646794,4.532064,12747.9,30.3,907.4,1,12778.2,9.453122,3.411148,6.810584,1.00E-05,9.455496,0,1,61834,61922,13476,48358,12116,49806,0,0.0574989,0.0582604,15,26464.8,,,,,,,,
Smirnoff,1,1995,0,0,0,0,0,0,0,0,0,0,0,0,0,0,0,0,0,0,0,0,0,0,0,1,0,0,0,5500,5740,5850,8.612503,8.655214,8.674197,-0.0427113,-4%,1,336170,61.12182,60.69687,4.112869,4.105892,7984.9,67.9,460.4,1,8052.8,0,0,1.00E-05,1.00E-05,8.993775,0,1,58340,58068,846,57494,697,57371,0,0.2455247,0.245488,3,16567,,,,,,,,
Smirnoff,1,1996,0,0,0,0,0,0,0,0,0,0,0,0,0,0,0,0,0,0,0,0,0,0,0,1,0,0,0,5951,5500,5740,8.691315,8.612503,8.655214,0.0788116,8%,1,346379,58.20518,61.12182,4.063974,4.112869,12373.4,119.4,807.7,1,12492.8,9.423305,5.325933,6.694191,1.00E-05,9.432908,0,1,57921,58340,965,56956,846,57494,0,0.2530187,0.2455247,4,25794.3,,,,,,,,
Smirnoff,1,1997,0,0,0,0,0,0,0,0,0,0,0,0,0,0,0,0,0,0,0,0,0,0,0,1,0,0,0,5565,5951,5500,8.624252,8.691315,8.612503,-0.0670624,-6%,1,342648.3,61.57202,58.20518,4.120208,4.063974,12363.3,80,866.3,1,12443.3,9.422487,4.382027,6.764231,1.00E-05,9.428938,0,1,58339,57921,1025,57314,965,56956,0,0.2374147,0.2530187,5,25753.9,,,,,,,,
Smirnoff,1,1998,0,0,0,0,0,0,0,0,0,0,0,0,0,0,0,0,0,0,0,0,0,0,0,1,0,0,0,6720,5565,5951,8.812843,8.624252,8.691315,0.188591,21%,1,397891,59.20997,61.57202,4.08109,4.120207,14558.1,391.3,856.2,18.2,14949.4,9.585903,5.969474,6.752504,2.901422,9.612427,0,1,57216,58339,1180,56036,1025,57314,0,0.270477,0.2374147,6,30773.2,,,,,,,,
Smirnoff,1,1999,0,0,0,0,0,0,0,0,0,0,0,0,0,0,0,0,0,0,0,0,0,0,0,1,0,0,0,6133,6720,5565,8.721439,8.812843,8.624252,-0.091404,-9%,1,387000,63.10126,59.20997,4.144741,4.08109,8219.5,1171.6,1862.3,3.3,9391.1,9.014265,7.066125,7.529568,1.193922,9.147517,0,1,57835,57216,1327,56508,1180,56036,0,0.2442356,0.270477,7,20647.8,,,,,,,,
Smirnoff,1,2000,0,0,0,0,0,0,0,0,0,0,0,0,0,0,0,0,0,0,0,0,0,0,0,1,0,0,0,5783,6133,6720,8.662678,8.721439,8.812843,-0.0587616,-6%,1,405781,70.16791,63.10126,4.250891,4.144741,9276.8,3138.9,1,722.9,12415.7,9.135272,8.051628,1.00E-05,6.583271,9.426717,0,1,58217,57835,1759,56458,1327,56508,0,0.217717,0.2442356,8,25555.3,,,,,,,,
Smirnoff,1,2001,0,0,0,0,0,0,0,0,0,0,0,0,0,0,0,0,0,0,0,0,0,0,0,1,0,0,0,6298,5783,6133,8.747988,8.662678,8.721439,0.08531,9%,1,489048,77.65132,70.16791,4.352229,4.250891,6011.3,1668.5,2052.1,458.7,7679.8,8.701396,7.41968,7.626619,6.128397,8.946349,0,1,57734,58217,2147,55587,1759,56458,0,0.2265875,0.217717,9,17870.4,,,,,,,,
Smirnoff,1,2002,0,0,0,0,0,0,0,0,0,0,0,0,0,0,0,0,0,0,0,0,0,0,0,1,0,0,0,6933,6298,5783,8.844048,8.747988,8.662678,0.0960598,10%,1,539041,77.75004,77.65132,4.353499,4.352229,3928.3,99.1,1358.2,3232.8,4027.4,8.275962,4.596129,7.213915,8.081104,8.300877,0,1,57131,57734,2561,54570,2147,55587,0,0.2330499,0.2265875,10,12645.8,,,,,,,,
Smirnoff,1,2003,0,0,0,0,0,0,0,0,0,0,0,0,0,0,0,0,0,0,0,0,0,0,0,1,0,0,0,7523,6933,6298,8.92572,8.844048,8.747988,0.0816727,9%,1,566465,75.29775,77.75004,4.32145,4.353499,7368,717.8,468.6,6001.5,8085.8,8.904902,6.576191,6.14975,8.699764,8.997865,0,1,56573,57131,3520,53053,2561,54570,0,0.2334088,0.2330499,11,22641.7,,,,,,,,
Smirnoff,1,2004,0,0,0,0,0,0,0,0,0,0,0,0,0,0,0,0,0,0,0,0,0,0,0,1,0,0,0,7487,7523,6933,8.920923,8.92572,8.844048,-0.004797,0%,1,591142,78.95579,75.29775,4.368888,4.32145,2416,30.5,199.2,4521.4,2446.5,7.789868,3.417727,5.294309,8.416577,7.802414,0,1,56641,56573,4346,52295,3520,53053,0,0.2167883,0.2334088,12,9613.6,,,,,,,,
Smirnoff,1,2005,0,0,0,0,0,0,0,0,0,0,0,0,0,0,0,0,0,0,0,0,0,0,0,1,0,0,0,8149,7487,7523,9.005651,8.920923,8.92572,0.0847282,9%,1,691361,84.83998,78.95579,4.440767,4.368888,2920.5,702,345.3,6121.5,3622.5,7.97951,6.553934,5.844414,8.719563,8.19492,0,1,56011,56641,5046,50965,4346,52295,0,0.224009,0.2167883,13,13711.8,,,,,,,,
Smirnoff,1,2006,0,0,0,0,0,0,0,0,0,0,0,0,0,0,0,0,0,0,0,0,0,0,0,1,0,0,0,8505,8149,7487,9.048409,9.005651,8.920923,0.042758,4%,1,721579,84.84174,84.83998,4.440788,4.440767,1214.6,142.2,151.9,7146.4,1356.8,7.10217,4.957234,5.023222,8.874364,7.212884,0,1,55687,56011,5881,49806,5046,50965,0,0.218284,0.224009,14,10011.9,,,,,,,,
Smirnoff,1,2007,0,0,0,0,0,0,0,0,0,0,0,0,0,0,0,0,0,0,0,0,0,0,0,1,0,0,0,9015,8505,8149,9.106646,9.048409,9.005651,0.0582361,6%,1,786721,87.268,84.84174,4.468984,4.440788,1,1.7,809.7,7827.1,2.7,0,0.5306283,6.696664,8.965347,1.00E-05,0,1,55209,55687,6851,48358,5881,49806,0,0.216884,0.218284,15,8642.2,,,,,,,,
Stolicnaya,17,1995,0,0,0,0,0,0,0,0,0,0,0,0,0,0,0,0,0,0,0,0,0,0,0,0,1,0,0,980,975,975,6.887553,6.882438,6.882438,0.005115,1%,0,120670,123.1327,102.2564,4.813262,4.627483,7563.5,289.8,358.5,1,7853.3,0,0,1.00E-05,1.00E-05,8.968689,1,0,62860,62833,3100,59760,2965,59868,0,0.043748,0.0416987,3,16066.1,,,,,,,,
Stolicnaya,17,1996,0,0,0,0,0,0,0,0,0,0,0,0,0,0,0,0,0,0,0,0,0,0,0,0,1,0,0,1055,980,975,6.961296,6.887553,6.882438,0.0737429,8%,0,133139,126.1981,123.1327,4.837853,4.813262,6989.1,1,359.1,1,6990.1,8.852107,0,5.883601,1.00E-05,8.85225,1,0,62817,62860,3540,59277,3100,59760,0,0.0448554,0.043748,4,14340.3,,,,,,,,
Stolicnaya,17,1997,0,0,0,0,0,0,0,0,0,0,0,0,0,0,0,0,0,0,0,0,0,0,0,0,1,0,0,1130,1055,980,7.029973,6.961296,6.887553,0.0686769,7%,0,130289,115.3,126.1981,4.747538,4.837853,7662.9,182.4,1,1,7845.3,8.944146,5.206202,1.00E-05,1.00E-05,8.967669,1,0,62774,62817,3842,58932,3540,59277,0,0.0482082,0.0448554,5,15692.6,,,,,,,,
Stolicnaya,17,1998,0,0,0,0,0,0,0,0,0,0,0,0,0,0,0,0,0,0,0,0,0,0,0,0,1,0,0,1100,1130,1055,7.003066,7.029973,6.961296,-0.026907,-3%,0,130680,118.8,115.3,4.777442,4.747538,6799.6,173,1,1,6972.6,8.824619,5.153292,1.00E-05,1.00E-05,8.849744,1,0,62836,62774,4260,58576,3842,58932,0,0.0442745,0.0482082,6,13947.2,,,,,,,,
Stolicnaya,17,1999,0,0,0,0,0,0,0,0,0,0,0,0,0,0,0,0,0,0,0,0,0,0,0,0,1,0,0,1231,1100,1130,7.115582,7.003066,7.029973,0.1125159,12%,0,160855,130.6702,118.8,4.872676,4.777442,672,1,53,1,673,6.510258,0,3.970292,1.00E-05,6.511745,1,0,62737,62836,4937,57800,4260,58576,0,0.0490223,0.0442745,7,1400,,,,,,,,
Stolicnaya,17,2000,0,0,0,0,0,0,0,0,0,0,0,0,0,0,0,0,0,0,0,0,0,0,0,0,1,0,0,1350,1231,1100,7.20786,7.115582,7.003066,0.092278,10%,0,179472,132.9422,130.6702,4.889915,4.872676,514.3,682.3,1,1,1196.6,6.242807,6.525469,1.00E-05,1.00E-05,7.087239,1,0,62650,62737,5804,56846,4937,57800,0,0.0508245,0.0490223,8,2395.2,,,,,,,,
Stolicnaya,17,2001,0,0,0,0,0,0,0,0,0,0,0,0,0,0,0,0,0,0,0,0,0,0,0,0,1,0,0,1490,1350,1231,7.306531,7.20786,7.115582,0.098671,10%,0,188336,126.4,132.9422,4.839451,4.889915,864.8,1,1,356.6,865.8,6.762498,0,1.00E-05,5.876615,6.763654,1,0,62542,62650,6247,56295,5804,56846,0,0.0536068,0.0508245,9,2089.2,,,,,,,,
Stolicnaya,17,2002,0,0,0,0,0,0,0,0,0,0,0,0,0,0,0,0,0,0,0,0,0,0,0,0,1,0,0,1640,1490,1350,7.402452,7.306531,7.20786,0.095921,10%,0,207928,126.7854,126.4,4.842495,4.839451,12983.5,1,134.6,444,12984.5,9.471435,0,4.902308,6.095825,9.471512,1,0,62424,62542,7032,55392,6247,56295,0,0.0551279,0.0536068,10,26547.6,,,,,,,,
Stolicnaya,17,2003,0,0,0,0,0,0,0,0,0,0,0,0,0,0,0,0,0,0,0,0,0,0,0,0,1,0,0,1855,1640,1490,7.52564,7.402452,7.306531,0.123188,13%,0,234472,126.4,126.7854,4.839451,4.842496,6334.9,1,218.8,641,6335.9,8.753829,0,5.388158,6.463029,8.753987,1,0,62241,62424,7572,54669,7032,55392,0,0.0575533,0.0551279,11,13531.6,,,,,,,,
Stolicnaya,17,2004,0,0,0,0,0,0,0,0,0,0,0,0,0,0,0,0,0,0,0,0,0,0,0,0,1,0,0,1935,1855,1640,7.567863,7.52564,7.402452,0.042223,4%,0,262193,135.5003,126.4,4.908974,4.839451,5113.2,30.9,553.1,621.2,5144.1,8.53958,3.430756,6.315539,6.431653,8.545606,1,0,62193,62241,8387,53806,7572,54669,0,0.0560285,0.0575533,12,11462.5,,,,,,,,
Stolicnaya,17,2005,0,0,0,0,0,0,0,0,0,0,0,0,0,0,0,0,0,0,0,0,0,0,0,0,1,0,0,1985,1935,1855,7.593374,7.567863,7.52564,0.0255108,3%,0,268968,135.5003,135.5003,4.908974,4.908974,3690.2,550.2,508.4,2516.2,4240.4,8.213436,6.310282,6.231268,7.830505,8.352413,1,0,62175,62193,8985,53190,8387,53806,0,0.0545659,0.0560285,13,11505.4,,,,,,,,
Stolicnaya,17,2006,0,0,0,0,0,0,0,0,0,0,0,0,0,0,0,0,0,0,0,0,0,0,0,0,1,0,0,2090,1985,1935,7.644919,7.593374,7.567863,0.0515451,5%,0,283195,135.5,135.5003,4.908972,4.908974,3160.5,194,1,1,3354.5,8.058486,5.267858,1.00E-05,1.00E-05,8.118058,1,0,62102,62175,10023,52079,8985,53190,0,0.0536406,0.0545659,14,6711,,,,,,,,
Stolicnaya,17,2007,0,0,0,0,0,0,0,0,0,0,0,0,0,0,0,0,0,0,0,0,0,0,0,0,1,0,0,2185,2090,1985,7.689371,7.644919,7.593374,0.0444522,5%,0,329848,150.9602,135.5,5.017016,4.908972,9370.7,1,1,1778.8,9371.7,9.145343,0,1.00E-05,7.483694,9.14545,1,0,62039,62102,10947,51092,10023,52079,0,0.052567,0.0536406,15,20523.2,,,,,,,,
Tanqueray,28,1995,0,0,0,0,0,0,0,0,0,0,0,0,0,0,0,0,0,0,0,0,0,0,0,0,0,1,0,150,170,185,5.010635,5.135798,5.220356,-0.1251631,-12%,0,11520,76.8,,4.341205,,1,1,70.6,1,2,0,0,1.00E-05,1.00E-05,1.00E-05,0,1,63690,63638,6196,57494,6267,57371,0,0.0066961,0.0072705,3,75.6,,,,,,,,
Tanqueray,28,1996,0,0,0,0,0,0,0,0,0,0,0,0,0,0,0,0,0,0,0,0,0,0,0,0,0,1,0,165,150,170,5.105946,5.010635,5.135798,0.0953112,10%,0,17647,106.9515,76.8,4.672376,4.341205,55.4,1,28.2,1,56.4,4.01458,0,3.339322,1.00E-05,4.032469,0,1,63707,63690,6751,56956,6196,57494,0,0.0070153,0.0066961,4,142,,,,,,,,
Tanqueray,28,1997,0,0,0,0,0,0,0,0,0,0,0,0,0,0,0,0,0,0,0,0,0,0,0,0,0,1,0,165,165,150,5.105946,5.105946,5.010635,0,0%,0,18716.3,113.4321,106.9515,4.731205,4.672376,2007.8,1,299.1,1,2008.8,0,0,1.00E-05,1.00E-05,7.605293,0,1,63739,63707,6425,57314,6751,56956,0,0.0070392,0.0070153,5,4317.7,,,,,,,,
Tanqueray,28,1998,0,0,0,0,0,0,0,0,0,0,0,0,0,0,0,0,0,0,0,0,0,0,0,0,0,1,0,160,165,165,5.075174,5.105946,5.105946,-0.0307722,-3%,0,17208,107.55,113.4321,4.677956,4.731205,1,1,1,1,2,0,0,1.00E-05,1.00E-05,1.00E-05,0,1,63776,63739,7740,56036,6425,57314,0,0.0064399,0.0070392,6,6,,,,,,,,
Tanqueray,28,1999,0,0,0,0,0,0,0,0,0,0,0,0,0,0,0,0,0,0,0,0,0,0,0,0,0,1,0,170,160,165,5.135798,5.075174,5.105946,0.0606241,6%,0,18496,108.8,107.55,4.689511,4.677956,1,1,1,1,2,0,0,1.00E-05,1.00E-05,1.00E-05,0,1,63798,63776,7290,56508,7740,56036,0,0.0067699,0.0064399,7,6,,,,,,,,
Tanqueray,28,2000,0,0,0,0,0,0,0,0,0,0,0,0,0,0,0,0,0,0,0,0,0,0,0,0,0,1,0,175,170,160,5.164786,5.135798,5.075174,0.0289879,3%,0,19584,111.9086,108.8,4.717682,4.689511,1,1,1,1,2,0,0,1.00E-05,1.00E-05,1.00E-05,0,1,63825,63798,7367,56458,7290,56508,0,0.0065884,0.0067699,8,6,,,,,,,,
Tanqueray,28,2001,0,0,0,0,0,0,0,0,0,0,0,0,0,0,0,0,0,0,0,0,0,0,0,0,0,1,0,185,175,170,5.220356,5.164786,5.135798,0.0555701,6%,0,20396,110.2486,111.9086,4.702738,4.717682,1,1,1,1,2,0,0,1.00E-05,1.00E-05,1.00E-05,0,1,63847,63825,8260,55587,7367,56458,0,0.0066559,0.0065884,9,6,,,,,,,,
Tanqueray,28,2002,0,0,0,0,0,0,0,0,0,0,0,0,0,0,0,0,0,0,0,0,0,0,0,0,0,1,0,190,185,175,5.247024,5.220356,5.164786,0.0266681,3%,0,20396,107.3474,110.2486,4.67607,4.702738,1,1,1,1,2,0,0,1.00E-05,1.00E-05,1.00E-05,0,1,63874,63847,9304,54570,8260,55587,0,0.0063868,0.0066559,10,6,,,,,,,,
Tanqueray,28,2003,0,0,0,0,0,0,0,0,0,0,0,0,0,0,0,0,0,0,0,0,0,0,0,0,0,1,0,176,190,185,5.170484,5.247024,5.220356,-0.07654,-7%,0,21499,122.1534,107.3474,4.805278,4.67607,1,1,1,1,2,0,0,1.00E-05,1.00E-05,1.00E-05,0,1,63920,63874,10867,53053,9304,54570,0,0.0054606,0.0063868,11,6,,,,,,,,
Three Olives,20,2002,0,0,0,0,0,0,0,0,0,0,0,0,0,0,0,0,0,0,0,0,0,0,0,0,0,0,1,85,27,25,4.442651,3.295837,3.218876,1.146814,215%,0,5950,70,70,4.248495,4.248495,1,1,1,1,2,0,0,1.00E-05,1.00E-05,1.00E-05,0,1,63979,64005,9257,54722,8295,55710,1,0.0028572,0.0009714,10,6,,,,,,,,
Three Olives,20,2003,0,0,0,0,0,0,0,0,0,0,0,0,0,0,0,0,0,0,0,0,0,0,0,0,0,0,1,175,85,27,5.164786,4.442651,3.295837,0.7221351,106%,0,12250,70,70,4.248495,4.248495,4738.4,1356.9,1,1,6095.3,8.463455,7.212958,1.00E-05,1.00E-05,8.715273,0,1,63921,63979,10673,53248,9257,54722,0,0.0054296,0.0028572,11,12192.6,,,,,,,,
Three Olives,20,2004,0,0,0,0,0,0,0,0,0,0,0,0,0,0,0,0,0,0,0,0,0,0,0,0,0,0,1,350,175,85,5.857933,5.164786,4.442651,0.6931472,100%,0,24500,70,70,4.248495,4.248495,8774.5,830.4,1,1,9604.9,9.079605,6.721908,1.00E-05,1.00E-05,9.170029,0,1,63778,63921,11250,52528,10673,53248,0,0.0101344,0.0054296,12,19211.8,,,,,,,,
Three Olives,20,2005,0,0,0,0,0,0,0,0,0,0,0,0,0,0,0,0,0,0,0,0,0,0,0,0,0,0,1,475,350,175,6.163315,5.857933,5.164786,0.3053818,36%,0,33250,70,70,4.248495,4.248495,4571.1,97.6,1,1,4668.7,8.427509,4.580877,1.00E-05,1.00E-05,8.448636,0,1,63685,63778,12445,51240,11250,52528,0,0.0130573,0.0101344,13,9339.4,,,,,,,,
Three Olives,20,2006,0,0,0,0,0,0,0,0,0,0,0,0,0,0,0,0,0,0,0,0,0,0,0,0,0,0,1,630,475,350,6.44572,6.163315,5.857933,0.2824054,33%,0,76860,122,70,4.804021,4.248495,7090.1,3.8,1,1,7093.9,8.866455,1.335001,1.00E-05,1.00E-05,8.86699,0,1,63562,63685,13590,49972,12445,51240,0,0.0161692,0.0130573,14,14189.8,,,,,,,,
Three Olives,20,2007,0,0,0,0,0,0,0,0,0,0,0,0,0,0,0,0,0,0,0,0,0,0,0,0,0,0,1,850,630,475,6.745236,6.44572,6.163315,0.2995157,35%,0,103700,122,122,4.804021,4.804021,11281.3,1,72.5,1,11282.3,9.330902,0,4.283587,1.00E-05,9.330991,0,1,63374,63562,14824,48550,13590,49972,0,0.0204494,0.0161692,15,22638.1,,,,,,,,
